easting;northing;lat;long;elev;time;name
595977.891186564;6740511.62826622;60.7884350326;-139.2370190285;2235.174072;2016-05-04T20:49:16Z;4
595959.035276116;6740485.60413373;60.788206039;-139.2373780254;2232.665039;2016-05-04T20:55:48Z;5
595944.488624799;6740461.47048587;60.787992971;-139.2376569752;2228.891602;2016-05-04T21:00:18Z;6
595928.959024668;6740437.2077691;60.787778981;-139.2379540298;2226.761719;2016-05-04T21:05:15Z;7
595911.726710246;6740411.56375955;60.7875530049;-139.2382830195;2226.123291;2016-05-04T21:08:25Z;8
595895.896762908;6740386.39647564;60.7873309683;-139.2385860253;2224.962891;2016-05-04T21:12:20Z;9
595876.848250402;6740361.37640435;60.7871110272;-139.2389480397;2226.123535;2016-05-04T21:15:00Z;10
595860.973640442;6740335.98392875;60.7868869789;-139.2392519675;2226.517822;2016-05-04T21:17:41Z;11
595843.558034574;6740311.00786672;60.7866670378;-139.2395839747;2226.213623;2016-05-04T21:21:36Z;12
595825.796140484;6740286.67642924;60.7864529639;-139.2399220169;2225.088623;2016-05-04T21:24:23Z;13
595808.875811867;6740261.6017555;60.786232017;-139.2402449716;2225.207031;2016-05-04T21:27:20Z;14
595794.383110655;6740237.25541534;60.7860170212;-139.2405229993;2225.056396;2016-05-04T21:29:49Z;15
595776.101289693;6740212.0229889;60.7857949845;-139.2408710159;2224.774658;2016-05-04T21:32:15Z;16
595762.109938821;6740187.35398638;60.7855769712;-139.2411399912;2226.300537;2016-05-04T21:34:48Z;17
595747.300405153;6740160.66430887;60.7853410207;-139.2414249759;2228.520508;2016-05-04T21:37:39Z;18
595727.976058548;6740135.62838645;60.7851209957;-139.2417920195;2231.65332;2016-05-04T21:40:27Z;19
595710.333280082;6740113.09410483;60.7849230152;-139.2421269603;2235.216797;2016-05-04T21:43:13Z;20
596023.439145965;6739957.9093241;60.7834550086;-139.2364560161;2187.340088;2016-05-04T22:11:03Z;21
596040.078311875;6739983.42577891;60.7836799789;-139.2361380067;2186.822021;2016-05-04T22:13:55Z;22
596057.174558243;6740008.06728212;60.7838969864;-139.2358120345;2186.298584;2016-05-04T22:16:37Z;23
596073.888819057;6740032.81068901;60.7841149997;-139.2354930192;2190.644287;2016-05-04T22:20:06Z;24
596090.302204499;6740058.54550136;60.7843419816;-139.2351790331;2188.239258;2016-05-04T22:22:41Z;25
596105.168767511;6740085.24754381;60.784578016;-139.2348929588;2192.194824;2016-05-04T22:25:06Z;26
596120.451439874;6740110.391684;60.7847999688;-139.2346000113;2190.523682;2016-05-04T22:27:48Z;27
596137.805191311;6740135.60096251;60.7850220054;-139.2342690099;2191.355225;2016-05-04T22:30:36Z;28
596152.30284089;6740161.73288489;60.7852530107;-139.2339899763;2191.534668;2016-05-04T22:32:54Z;29
596166.774855682;6740188.63942819;60.7854909729;-139.2337110266;2191.231201;2016-05-04T22:35:02Z;30
596183.727324061;6740212.61457958;60.7857020292;-139.2333879881;2189.941406;2016-05-04T22:37:10Z;31
596201.40732318;6740237.71156285;60.7859229762;-139.2330510356;2189.623047;2016-05-04T22:39:30Z;32
596217.509656373;6740262.8875806;60.7861450128;-139.2327430006;2188.825928;2016-05-04T22:42:35Z;33
596233.158903179;6740288.60255344;60.7863719948;-139.2324430123;2189.90625;2016-05-04T22:45:35Z;34
596248.71626387;6740313.6519676;60.7865930256;-139.2321450356;2188.821289;2016-05-04T22:48:41Z;35
596265.694712553;6740336.61950055;60.7867950294;-139.2318219971;2187.932617;2016-05-04T22:52:21Z;36
596345.129700562;6740241.24792423;60.7859199587;-139.2304109875;2178.364014;2016-05-04T23:05:36Z;37
596368.83349021;6740190.41277156;60.785458032;-139.2300010286;2169.688232;2016-05-04T23:07:48Z;38
596393.725806013;6740134.13640186;60.7849469874;-139.229571959;2165.117676;2016-05-04T23:10:06Z;39
596419.98589505;6740077.45809697;60.7844320033;-139.2291179951;2160.788574;2016-05-04T23:12:09Z;40
596446.069412158;6740027.35077093;60.7839760277;-139.2286640313;2154.407227;2016-05-04T23:14:03Z;41
596472.053558752;6739973.00043034;60.7834819984;-139.2282140069;2147.335693;2016-05-04T23:16:08Z;42
596496.164628967;6739919.38425985;60.7829950098;-139.227798013;2142.125732;2016-05-04T23:18:22Z;43
596523.935491957;6739863.52266738;60.7824869826;-139.2273159698;2138.031982;2016-05-04T23:21:37Z;44
596550.832101411;6739811.65397859;60.7820149977;-139.2268480081;2133.395752;2016-05-04T23:23:59Z;45
596576.755385485;6739757.63891275;60.7815239858;-139.2263989896;2134.388672;2016-05-04T23:27:06Z;46
596604.363320656;6739703.66955158;60.7810329739;-139.2259190418;2125.05127;2016-05-04T23:30:03Z;47
596630.145269042;6739650.88392722;60.7805530261;-139.2254720349;2129.449219;2016-05-04T23:33:25Z;48
596714.790333881;6739698.19403185;60.7809570339;-139.2238949798;2116.010986;2016-05-04T23:52:40Z;49
596736.418952929;6739762.62993065;60.7815300208;-139.223465994;2107.319092;2016-05-04T23:54:56Z;50
596762.838429955;6739815.04394448;60.7819939591;-139.2229550332;2104.092041;2016-05-04T23:57:10Z;51
596787.235755204;6739869.75717904;60.7824790198;-139.2224800307;2101.353027;2016-05-04T23:59:28Z;52
596808.663768615;6739925.49232613;60.7829739712;-139.2220590077;2102.029297;2016-05-05T00:01:57Z;53
596830.460443705;6739981.58321307;60.7834720239;-139.2216310278;2098.080322;2016-05-05T00:04:20Z;54
596850.356526259;6740035.49314831;60.7839509659;-139.2212390061;2093.813721;2016-05-05T00:06:28Z;55
596864.007613941;6740080.55673773;60.7843520399;-139.2209660076;2101.87207;2016-05-05T00:08:50Z;56
596772.588483507;6740058.68910227;60.7841780316;-139.2226549611;2110.829102;2016-05-05T00:13:32Z;57
596715.651879251;6740040.76459827;60.784031013;-139.2237089854;2120.016846;2016-05-05T00:17:22Z;58
596658.324020142;6740029.18185969;60.7839409914;-139.224767033;2126.291504;2016-05-05T00:19:52Z;59
596599.221710379;6740010.76166865;60.7837900333;-139.225861039;2134.125488;2016-05-05T00:22:51Z;60
596539.678920093;6740000.68081751;60.7837140094;-139.2269589845;2140.944336;2016-05-05T00:25:49Z;61
596482.664413681;6739983.54257887;60.7835740317;-139.2280140147;2148.305908;2016-05-05T00:28:55Z;62
596423.441864341;6739973.58442105;60.7834990136;-139.229106009;2155.106201;2016-05-05T00:31:26Z;63
596366.096656098;6739956.65397909;60.7833609637;-139.2301669903;2162.342041;2016-05-05T00:33:48Z;64
596307.421526744;6739944.48954281;60.7832659967;-139.231250016;2166.05957;2016-05-05T00:36:14Z;65
596246.619730303;6739928.36456163;60.7831359934;-139.2323740292;2168.850342;2016-05-05T00:38:36Z;66
596193.396777398;6739912.10839408;60.7830029726;-139.2333589867;2177.69458;2016-05-05T00:41:13Z;67
596133.070959374;6739898.45468691;60.7828950137;-139.2344730254;2179.250488;2016-05-05T00:43:45Z;68
596083.192158701;6739879.39467642;60.782736009;-139.2353979684;2192.061035;2016-05-05T00:47:33Z;69
596016.873530988;6739867.80481604;60.782647999;-139.2366209719;2196.483643;2016-05-05T00:50:40Z;70
595946.610259795;6740408.82033501;60.7875199802;-139.2376439832;2229.458984;2016-05-05T16:44:41Z;71
595469.392513933;6740754.73841383;60.7907389663;-139.2462350149;2297.412598;2016-05-05T21:33:06Z;72
595437.220254298;6740766.36663065;60.7908510324;-139.2468199879;2301.868408;2016-05-05T21:35:40Z;73
595385.016088994;6740791.82544591;60.7910920121;-139.2477659695;2309.421631;2016-05-05T21:38:55Z;74
595329.530143375;6740815.74968349;60.7913199998;-139.2487729713;2317.124023;2016-05-05T21:40:59Z;75
595275.605482985;6740840.38889417;60.7915540226;-139.2497509718;2323.931885;2016-05-05T21:43:05Z;76
595220.810499257;6740864.9963528;60.7917879615;-139.2507449817;2332.944092;2016-05-05T21:45:37Z;77
595165.92122447;6740889.06038191;60.7920170389;-139.2517410032;2338.771729;2016-05-05T21:47:33Z;78
595112.303697206;6740914.59748159;60.7922590245;-139.2527129687;2346.083252;2016-05-05T21:49:37Z;79
595055.89984123;6740940.39745772;60.7925040275;-139.25373598;2352.181152;2016-05-05T21:51:41Z;80
595001.212861555;6740963.12433517;60.792721035;-139.2547289841;2357.503174;2016-05-05T21:54:47Z;81
594973.999870328;6740974.65500181;60.7928310055;-139.2552230135;2360.69873;2016-05-05T21:58:48Z;82
594998.132640411;6740982.64747061;60.7928969711;-139.2547760066;2357.721191;2016-05-05T22:01:58Z;83
595047.566943754;6741014.05664777;60.793167036;-139.2538529914;2356.483398;2016-05-05T22:05:36Z;84
595094.210517097;6741049.95025834;60.7934780046;-139.2529790103;2356.942139;2016-05-05T22:07:31Z;85
595140.856136867;6741085.73248412;60.7937879674;-139.2521050293;2357.469971;2016-05-05T22:09:44Z;86
595190.55528543;6741121.4939882;60.7940970082;-139.2511749733;2360.24707;2016-05-05T22:11:46Z;87
595239.39430811;6741154.55264337;60.7943819929;-139.2502620164;2359.570312;2016-05-05T22:13:46Z;88
595288.681707785;6741191.30400714;60.7947000023;-139.2493390013;2357.633301;2016-05-05T22:15:44Z;89
595336.983212214;6741226.13370608;60.7950009964;-139.248435013;2359.889893;2016-05-05T22:17:36Z;90
595387.889218461;6741257.24151793;60.7952679601;-139.2474850081;2370.791992;2016-05-05T22:21:28Z;91
595441.517398808;6741296.4554309;60.795607008;-139.2464810237;2383.246338;2016-05-05T22:28:01Z;92
595447.122317867;6741247.79315005;60.7951689698;-139.2464019824;2364.571777;2016-05-05T22:32:04Z;93
595455.128085867;6741188.72463766;60.7946369704;-139.2462839652;2347.873779;2016-05-05T22:37:26Z;94
595462.101564929;6741129.5164668;60.7941039652;-139.2461849749;2345.811523;2016-05-05T22:39:27Z;95
595471.987891994;6741069.27467571;60.7935609855;-139.246033011;2342.411621;2016-05-05T22:41:38Z;96
595477.532643835;6741010.58875505;60.7930330094;-139.2459600046;2337.062988;2016-05-05T22:43:43Z;97
595481.28314559;6740951.74279779;60.7925040275;-139.245920023;2324.797363;2016-05-05T22:45:54Z;98
595486.010428412;6740891.02688902;60.7919580303;-139.245863026;2315.111816;2016-05-05T22:47:39Z;99
595492.243800739;6740831.01440423;60.7914179843;-139.2457780335;2307.202393;2016-05-05T22:49:36Z;100
595500.682794023;6740772.1817212;60.7908879966;-139.2456519697;2301.240234;2016-05-05T22:51:23Z;101
595507.343912249;6740712.40485907;60.7903499622;-139.2455590144;2296.930908;2016-05-05T22:53:45Z;102
595514.175171348;6740652.41773101;60.78981;-139.2454630416;2292.809082;2016-05-05T22:59:09Z;103
595521.645850349;6740593.11086705;60.7892759889;-139.2453549989;2287.092285;2016-05-05T23:00:53Z;104
595527.53656616;6740533.64968547;60.7887409721;-139.2452760413;2283.452881;2016-05-05T23:02:28Z;105
595535.183572477;6740473.90856863;60.7882030215;-139.2451649811;2275.001953;2016-05-05T23:04:03Z;106
595542.901927258;6740413.38479366;60.7876580302;-139.2450529989;2271.825928;2016-05-05T23:05:41Z;107
595550.903223034;6740352.53235079;60.7871100213;-139.2449359875;2268.161865;2016-05-05T23:07:51Z;108
595552.509590852;6740294.51644498;60.7865890022;-139.2449349817;2267.605713;2016-05-05T23:09:28Z;109
595558.30922237;6740234.38971535;60.7860480342;-139.2448580358;2269.096191;2016-05-05T23:11:30Z;110
595588.178029848;6740241.97902879;60.7861089706;-139.2443060037;2263.549805;2016-05-05T23:15:20Z;111
595628.781124288;6740286.08665575;60.7864950411;-139.2435389757;2255.914795;2016-05-05T23:17:16Z;112
595668.760438133;6740330.94397864;60.7868879847;-139.2427830119;2252.569336;2016-05-05T23:19:02Z;113
595710.193198475;6740374.51440791;60.787269026;-139.2420009803;2254.168213;2016-05-05T23:21:05Z;114
595749.605544588;6740418.13395004;60.7876509894;-139.2412559967;2255.097656;2016-05-05T23:22:48Z;115
595789.070550958;6740465.88376714;60.7880700007;-139.2405079957;2255.586426;2016-05-05T23:25:04Z;116
595831.959394251;6740507.8228577;60.7884360384;-139.2396999802;2257.577637;2016-05-05T23:27:00Z;117
595872.14957854;6740552.80038609;60.7888299879;-139.2389399931;2263.222656;2016-05-05T23:28:49Z;118
595878.24674677;6740573.13898252;60.789011037;-139.2388180364;2266.206055;2016-05-05T23:30:31Z;119
595824.477785917;6740595.76619079;60.7892270386;-139.2397940252;2271.295898;2016-05-05T23:33:04Z;120
595768.361273536;6740620.666315;60.789463995;-139.2408120073;2276.644043;2016-05-05T23:35:30Z;121
595714.476246521;6740645.63642044;60.7897010352;-139.241789002;2279.87915;2016-05-05T23:37:18Z;122
595659.417384136;6740671.67802863;60.7899479661;-139.2427870352;2281.348633;2016-05-05T23:39:07Z;123
595605.318458137;6740694.63584789;60.7901669852;-139.2437689751;2288.21875;2016-05-05T23:41:10Z;124
595548.09844736;6740718.0713956;60.7903910335;-139.2448079959;2295.146729;2016-05-05T23:43:07Z;125
595520.637613811;6740730.70288311;60.7905109785;-139.2453059647;2297.818604;2016-05-05T23:44:34Z;126
595300.713187481;6740572.94785476;60.7891479973;-139.2494209763;2304.446045;2016-05-06T00:09:14Z;127
595257.545028635;6740612.69731854;60.7895150408;-139.2501940392;2309.21875;2016-05-06T00:12:18Z;128
595225.385620439;6740664.76154709;60.7899899594;-139.2507589795;2316.906738;2016-05-06T00:14:38Z;129
595194.120282446;6740715.85979991;60.7904559933;-139.2513079941;2323.547119;2016-05-06T00:17:18Z;130
595166.436047938;6740767.60477161;60.7909269724;-139.2517909594;2327.739502;2016-05-06T00:19:27Z;131
595182.248843294;6740826.08476895;60.7914479915;-139.251472028;2332.542725;2016-05-06T00:21:44Z;132
595198.530436568;6740883.56861126;60.7919599582;-139.2511449661;2336.655762;2016-05-06T00:24:05Z;133
595235.402528206;6740928.45979087;60.7923539914;-139.2504459992;2335.506592;2016-05-06T00:26:09Z;134
595281.21066729;6740969.12511855;60.7927079592;-139.2495850101;2334.342773;2016-05-06T00:28:40Z;135
595327.072249093;6741009.80183858;60.7930620108;-139.2487230152;2333.216064;2016-05-06T00:31:17Z;136
595368.400815571;6741048.90107742;60.7934029866;-139.2479450069;2335.582031;2016-05-06T00:33:50Z;137
595426.606609964;6741037.19251071;60.7932839636;-139.246882014;2335.80249;2016-05-06T00:36:01Z;138
595486.182518152;6741025.30667936;60.7931630127;-139.2457939591;2331.729492;2016-05-06T00:38:12Z;139
595544.642244833;6741012.15905871;60.7930309977;-139.2447270267;2325.452148;2016-05-06T00:40:03Z;140
595583.589223865;6740977.42792673;60.7927099708;-139.2440289818;2316.579102;2016-05-06T00:42:42Z;141
595623.192681162;6740932.35643634;60.7922959886;-139.2433239799;2308.715088;2016-05-06T00:46:01Z;142
595663.685190367;6740884.63785136;60.7918580342;-139.2426039744;2299.65918;2016-05-06T00:48:40Z;143
595701.350973548;6740840.7388436;60.7914550323;-139.2419340089;2287.748291;2016-05-06T00:57:38Z;144
595715.352882852;6740781.60725149;60.7909210213;-139.2417060211;2280.072021;2016-05-06T01:01:30Z;145
595731.260138462;6740724.64700007;60.7904060371;-139.2414419912;2277.702393;2016-05-06T01:03:49Z;146
595742.410545668;6740666.32640332;60.7898799889;-139.2412659712;2275.431396;2016-05-06T01:05:46Z;147
595732.110699181;6740607.55238456;60.7893550303;-139.2414839845;2268.09375;2016-05-06T01:07:35Z;148
595720.933292536;6740548.96972553;60.7888319995;-139.2417180073;2262.691162;2016-05-06T01:10:11Z;149
595682.544813437;6740503.81805256;60.7884360384;-139.2424449697;2261.679688;2016-05-06T01:12:25Z;150
595642.396172785;6740459.05869898;60.7880440168;-139.2432040349;2260.417236;2016-05-06T01:14:32Z;151
595589.25562086;6740444.03710259;60.7879219763;-139.2441869807;2263.395752;2016-05-06T01:16:48Z;152
595528.946192843;6740446.44029056;60.7879580185;-139.2452929728;2269.270508;2016-05-06T01:18:59Z;153
595469.921051104;6740449.65405016;60.7880010176;-139.2463749927;2273.421631;2016-05-06T01:21:23Z;154
595421.650695776;6740484.57651154;60.788325984;-139.2472440284;2281.253906;2016-05-06T01:23:42Z;155
595372.055903736;6740518.35275078;60.788640976;-139.2481379583;2288.465576;2016-05-06T01:25:59Z;156
595325.026768453;6740555.76606592;60.7889879867;-139.2489830218;2295.172363;2016-05-06T01:27:58Z;157
595346.457192364;6741995.16226308;60.8018999733;-139.2478839867;2508.627197;2016-05-06T23:30:41Z;158
596233.435171714;6740041.67141728;60.7841559872;-139.2325600237;2179.078613;2016-05-07T01:05:39Z;159
596215.925677865;6739983.92526279;60.7836420089;-139.2329099681;2175.663574;2016-05-07T01:08:26Z;160
596210.440313255;6739924.60686399;60.7831110153;-139.2330399714;2174.633301;2016-05-07T01:10:21Z;161
596206.83875134;6739864.00354201;60.7825680356;-139.2331360281;2172.900879;2016-05-07T01:12:29Z;162
596232.420617765;6739810.41597485;60.7820809633;-139.2326929607;2168.592041;2016-05-07T01:14:42Z;163
596260.660387836;6739757.02158634;60.7815949805;-139.2322010268;2166.262207;2016-05-07T01:17:01Z;164
596308.980926909;6739727.01486034;60.7813140191;-139.2313289735;2162.247559;2016-05-07T01:19:03Z;165
596365.866043107;6739704.59051078;60.7810990233;-139.2302959878;2156.701416;2016-05-07T01:21:19Z;166
596423.786830913;6739692.21712724;60.7809739653;-139.2292390298;2152.737061;2016-05-07T01:23:32Z;167
596485.160844408;6739689.30622542;60.7809329778;-139.2281140108;2141.35376;2016-05-07T01:25:16Z;168
596541.626084504;6739700.75058282;60.7810219936;-139.2270719726;2131.249756;2016-05-07T01:27:00Z;169
596589.749286269;6739738.48751932;60.7813489717;-139.226169996;2129.323975;2016-05-07T01:29:10Z;170
596637.24288913;6739775.32078498;60.7816679869;-139.2252800055;2122.943848;2016-05-07T01:31:32Z;171
596665.819020495;6739822.67386023;60.7820859924;-139.2247319967;2117.783691;2016-05-07T01:33:40Z;172
596676.50639561;6739880.68619152;60.782603994;-139.2245070264;2117.18042;2016-05-07T01:35:48Z;173
596684.924374731;6739940.19700277;60.7831359934;-139.2243229598;2118.165527;2016-05-07T01:37:57Z;174
596673.535173159;6739998.61149737;60.7836629637;-139.2245030031;2120.777344;2016-05-07T01:40:06Z;175
596643.224047946;6740047.71560619;60.7841109764;-139.2250350025;2128.010254;2016-05-07T01:42:29Z;176
596598.040841727;6740088.73077016;60.784490006;-139.2258440238;2135.591553;2016-05-07T01:44:59Z;177
596545.214439509;6740114.38060717;60.7847329974;-139.2268009856;2146.506592;2016-05-07T01:47:24Z;178
596494.347414476;6740144.10044767;60.785012031;-139.2277199775;2154.337158;2016-05-07T01:49:37Z;179
596440.022168507;6740148.5368279;60.7850650046;-139.2287149932;2160.952148;2016-05-07T01:55:41Z;180
596378.700508685;6740147.76955962;60.7850729674;-139.2298410181;2166.585938;2016-05-07T01:58:34Z;181
596320.473878821;6740151.43935468;60.7851199899;-139.2309080344;2174.932617;2016-05-07T02:00:47Z;182
596279.72043265;6740115.35224022;60.7848060038;-139.2316739727;2178.5271;2016-05-07T02:02:49Z;183
596248.735861593;6740064.2573749;60.7843549736;-139.2322679982;2177.18042;2016-05-07T02:04:43Z;184
595745.930077651;6740386.61485254;60.7873690221;-139.2413389776;2252.424072;2016-05-07T16:57:37Z;185
595816.257611213;6740327.54575141;60.7868220191;-139.2400769982;2238.85083;2016-05-07T17:10:28Z;186
595882.601301646;6740268.8193768;60.7862790395;-139.2388880253;2228.091797;2016-05-07T17:12:51Z;187
595955.939294014;6740217.52069918;60.7858010195;-139.2375670373;2218.990967;2016-05-07T17:15:07Z;188
596038.408416709;6740177.38765399;60.785420984;-139.2360729631;2209.045166;2016-05-07T17:17:25Z;189
596118.834736078;6740140.10632061;60.7850670163;-139.2346150149;2199.503662;2016-05-07T17:19:37Z;190
596199.211120987;6740098.80907162;60.7846770063;-139.2331600003;2188.935303;2016-05-07T17:21:41Z;191
596279.407956386;6740060.18005168;60.7843109686;-139.2317069974;2177.856201;2016-05-07T17:23:41Z;192
596362.208849779;6740022.0806705;60.783949038;-139.2302059662;2166.872803;2016-05-07T17:25:40Z;193
596443.614435722;6739985.1597259;60.7835980039;-139.2287299968;2153.661377;2016-05-07T17:27:49Z;194
596526.27963115;6739948.16251851;60.783245964;-139.2272309773;2141.720703;2016-05-07T17:30:26Z;195
596606.541063961;6739909.4395994;60.7828790043;-139.2257769685;2130.698242;2016-05-07T17:32:20Z;196
596688.479266826;6739871.09070244;60.7825149782;-139.2242920306;2119.487061;2016-05-07T17:34:36Z;197
596770.335706919;6739833.97433236;60.7821620163;-139.2228080146;2108.274414;2016-05-07T17:36:41Z;198
596851.513890083;6739795.83263791;60.7818000019;-139.2213369906;2096.567383;2016-05-07T17:38:44Z;199
596934.263660172;6739758.07160834;60.7814410049;-139.2198369652;2086.130615;2016-05-07T17:40:44Z;200
597023.511259078;6739759.93316663;60.7814359758;-139.2181979679;2075.546387;2016-05-07T17:42:49Z;201
597112.512637291;6739764.80720139;60.7814580202;-139.216561988;2064.598877;2016-05-07T17:46:06Z;202
597204.827100839;6739770.10048997;60.7814829983;-139.2148649879;2052.51123;2016-05-07T17:48:18Z;203
597293.888998432;6739774.75653184;60.781503031;-139.2132280022;2038.375244;2016-05-07T17:51:21Z;204
597384.227032998;6739778.66498261;60.781516023;-139.2115679663;2023.850464;2016-05-07T17:53:45Z;205
597473.734661376;6739784.88817066;60.7815499697;-139.2099220119;2008.259033;2016-05-07T17:56:35Z;206
597561.700853099;6739787.84908554;60.7815549988;-139.208305981;1990.80542;2016-05-07T17:58:46Z;207
595685.9524609;6740445.62619629;60.7879130077;-139.242411023;2251.545654;2016-05-07T23:22:26Z;208
595623.982872457;6740510.04920414;60.7885060273;-139.2435170151;2262.317383;2016-05-07T23:26:06Z;209
595562.904253504;6740577.94359364;60.7891299762;-139.2446049862;2274.409668;2016-05-07T23:29:55Z;210
595501.943466916;6740643.39496236;60.7897319645;-139.2456920352;2282.838867;2016-05-07T23:32:54Z;211
595440.230298209;6740708.7244554;60.7903330307;-139.2467929982;2293.082031;2016-05-07T23:35:51Z;212
595381.337530071;6740776.56804471;60.7909559738;-139.2478409875;2303.52832;2016-05-07T23:38:56Z;213
595316.642316585;6740839.36342693;60.7915349957;-139.2489980254;2315.011475;2016-05-07T23:42:51Z;214
595255.866333474;6740906.60761628;60.7921529934;-139.2500809673;2326.271484;2016-05-07T23:45:58Z;215
595192.215392863;6740971.32901391;60.7927490305;-139.2512179725;2337.475586;2016-05-07T23:48:48Z;216
595169.016805815;6741056.95830563;60.7935230155;-139.2516020313;2347.892334;2016-05-07T23:51:43Z;217
595150.295243064;6741144.3788813;60.794312004;-139.2519030254;2359.221924;2016-05-07T23:56:19Z;218
595125.228809806;6741232.85411018;60.7951119728;-139.2523200251;2362.840576;2016-05-07T23:58:54Z;219
595145.590609283;6741300.58992146;60.795714967;-139.2519129999;2375.876221;2016-05-08T00:03:08Z;220
595183.923788013;6741353.87914042;60.7961840183;-139.25118302;2390.135254;2016-05-08T00:08:37Z;221
595508.591178727;6741166.86864959;60.7944280095;-139.2453130055;2332.253662;2016-05-08T02:46:30Z;222
599746.462976867;6754752.0422048;60.9152949695;-139.1605039872;2307.579102;2016-05-08T22:14:44Z;223
599782.544618048;6754705.58490222;60.9148690011;-139.1598630231;2316.210205;2016-05-08T22:17:48Z;224
599817.304407824;6754657.96990783;60.9144329745;-139.159247037;2323.122314;2016-05-08T22:19:48Z;225
599853.609249361;6754609.62334026;60.9139899909;-139.1586029716;2330.038086;2016-05-08T22:21:55Z;226
599888.363288435;6754560.33680414;60.9135389607;-139.1579879913;2335.367188;2016-05-08T22:24:28Z;227
599924.352268825;6754511.64574639;60.9130929597;-139.1573499609;2340.612793;2016-05-08T22:26:43Z;228
599958.752618951;6754463.35870371;60.9126509819;-139.1567410156;2344.446777;2016-05-08T22:29:32Z;229
599993.869144817;6754414.8679303;60.9122069925;-139.1561189946;2348.826416;2016-05-08T22:32:21Z;230
600029.155119045;6754366.04596967;60.9117599856;-139.1554940399;2352.48584;2016-05-08T22:34:25Z;231
600064.507418792;6754317.00201364;60.9113109671;-139.1548679955;2357.455566;2016-05-08T22:36:25Z;232
600099.523967998;6754268.28519313;60.910864966;-139.1542479862;2362.567139;2016-05-08T22:38:36Z;233
600134.528824198;6754220.0167182;60.9104229882;-139.1536279768;2367.075684;2016-05-08T22:41:02Z;234
600169.930771445;6754171.08720343;60.9099749755;-139.1530010104;2371.752686;2016-05-08T22:43:56Z;235
600204.812609577;6754123.37634319;60.9095380269;-139.1523830127;2375.780029;2016-05-08T22:46:02Z;236
600240.111884587;6754074.44456916;60.9090900142;-139.1517579742;2380.516846;2016-05-08T22:47:54Z;237
600275.011347039;6754026.17437906;60.9086480364;-139.1511399765;2384.92749;2016-05-08T22:49:45Z;238
600456.822399409;6753904.81305711;60.9075129591;-139.1478530131;2405.17627;2016-05-08T22:58:12Z;239
600488.921247456;6753946.28776675;60.9078769851;-139.1472399607;2405.726807;2016-05-08T23:01:47Z;240
600511.964425027;6754002.65769138;60.9083769657;-139.1467859969;2406.435791;2016-05-08T23:04:00Z;241
600534.821441896;6754058.02305548;60.9088679776;-139.1463359725;2406.731934;2016-05-08T23:05:50Z;242
600557.029542189;6754113.14605926;60.9093569778;-139.145898018;2406.025635;2016-05-08T23:07:39Z;243
600579.577751379;6754169.7266968;60.90985897;-139.1454530228;2405.312744;2016-05-08T23:09:40Z;244
600602.089406025;6754225.64326933;60.910355011;-139.1450090334;2403.202637;2016-05-08T23:11:43Z;245
600624.075315366;6754280.98467728;60.9108460229;-139.1445750184;2401.04834;2016-05-08T23:13:49Z;246
600647.10484409;6754335.90743759;60.9113330115;-139.1441219766;2398.624756;2016-05-08T23:15:32Z;247
600637.795670212;6754482.52051627;60.9126509819;-139.1442170274;2387.359131;2016-05-08T23:23:55Z;248
600577.342641719;6754467.33039247;60.9125300311;-139.1453390289;2386.820801;2016-05-08T23:26:48Z;249
600517.766616866;6754457.62120916;60.9124580305;-139.1464420035;2384.710205;2016-05-08T23:28:32Z;250
600458.923213439;6754446.92492417;60.9123769775;-139.1475319862;2381.450439;2016-05-08T23:30:16Z;251
600400.700903885;6754437.25598673;60.912304977;-139.1486099828;2377.121094;2016-05-08T23:31:56Z;252
600341.301769619;6754426.89158771;60.9122270253;-139.1497100238;2372.276611;2016-05-08T23:33:30Z;253
600282.829704139;6754416.54500831;60.9121489897;-139.1507929657;2367.361816;2016-05-08T23:35:08Z;254
600223.683946592;6754406.85294959;60.9120769892;-139.1518879775;2364.287109;2016-05-08T23:36:44Z;255
600164.927737845;6754396.72450152;60.9120009653;-139.1529760323;2358.746338;2016-05-08T23:38:27Z;256
600104.500270942;6754386.33512723;60.9119230136;-139.1540950164;2353.938232;2016-05-08T23:40:00Z;257
600045.481618849;6754375.97710457;60.9118449781;-139.1551880166;2349.311279;2016-05-08T23:42:07Z;258
599986.668203084;6754366.07420801;60.9117709659;-139.1562769935;2342.669189;2016-05-08T23:44:19Z;259
599928.853271399;6754357.20917869;60.9117060062;-139.1573470272;2334.138916;2016-05-08T23:51:32Z;260
599869.067154095;6754345.16053102;60.911612967;-139.158455031;2327.827148;2016-05-08T23:53:32Z;261
599808.5681241;6754335.32534541;60.9115399607;-139.1595750209;2320.298096;2016-05-08T23:55:21Z;262
599749.589640158;6754325.43112225;60.9114660323;-139.1606670152;2315.220459;2016-05-08T23:57:55Z;263
599692.701337004;6754314.46627077;60.9113819618;-139.1617210396;2312.419922;2016-05-08T23:59:52Z;264
599631.9361362;6754304.52391114;60.9113080334;-139.1628459748;2312.678223;2016-05-09T00:04:24Z;265
599574.19142621;6754293.09795695;60.9112200234;-139.1639160085;2313.266113;2016-05-09T00:07:22Z;266
599523.103556622;6754363.76892312;60.9118670225;-139.1648210026;2301.949463;2016-05-09T00:18:44Z;267
599547.410110672;6754418.15927774;60.9123489819;-139.1643449944;2297.986572;2016-05-09T00:20:54Z;268
599572.462047306;6754476.92353425;60.912870001;-139.1638529766;2294.734375;2016-05-09T00:24:03Z;269
599593.357196027;6754528.99558283;60.9133320116;-139.1634410061;2293.650635;2016-05-09T00:26:12Z;270
599617.502369249;6754585.16608711;60.9138299804;-139.1629670095;2295.338623;2016-05-09T00:28:19Z;271
599640.758495838;6754640.08821451;60.914316969;-139.1625100281;2297.853271;2016-05-09T00:30:49Z;272
599664.987744716;6754695.14990424;60.9148049634;-139.1620350257;2299.561768;2016-05-09T00:32:40Z;273
599687.938267548;6754749.40063346;60.9152860008;-139.1615839954;2299.076172;2016-05-09T00:34:49Z;274
599711.896436099;6754804.3430124;60.9157729894;-139.1611140221;2296.588623;2016-05-09T00:36:56Z;275
599833.591260388;6754603.70868212;60.9139419626;-139.1589749604;2321.789795;2016-05-09T01:00:31Z;276
599786.290262382;6754568.2862609;60.9136360232;-139.1598650347;2315.200439;2016-05-09T01:03:10Z;277
599752.283889229;6754519.52525465;60.9132070374;-139.1605169792;2310.275635;2016-05-09T01:05:19Z;278
599729.865774377;6754463.61707834;60.9127109963;-139.1609590407;2307.698975;2016-05-09T01:07:30Z;279
599730.492811118;6754406.58085232;60.9121990297;-139.160976978;2308.59668;2016-05-09T01:09:15Z;280
599743.111020383;6754347.53655036;60.9116660245;-139.1607749742;2312.34375;2016-05-09T01:11:15Z;281
599758.679834143;6754289.68665085;60.9111429937;-139.160517985;2317.121094;2016-05-09T01:13:07Z;282
599776.407590291;6754232.23367635;60.9106229804;-139.1602210142;2323.381592;2016-05-09T01:15:29Z;283
599801.472655364;6754182.23525959;60.9101680107;-139.1597849876;2329.532471;2016-05-09T01:17:55Z;284
599858.741937133;6754162.21956646;60.9099739697;-139.1587400157;2334.823242;2016-05-09T01:20:12Z;285
599915.505134608;6754140.97623671;60.9097690322;-139.1577050183;2340.551758;2016-05-09T01:22:23Z;286
599967.332606181;6754112.01020925;60.9094960336;-139.1567649879;2347.038574;2016-05-09T01:24:22Z;287
600019.421560784;6754081.38025062;60.9092080314;-139.1558210179;2353.008057;2016-05-09T01:26:27Z;288
600073.595765029;6754057.82471225;60.9089829773;-139.1548349708;2359.05127;2016-05-09T01:28:34Z;289
600131.856689468;6754046.98591371;60.908870995;-139.1537670325;2365.770508;2016-05-09T01:30:47Z;290
600191.288638908;6754035.28433642;60.9087509662;-139.1526779719;2374.281494;2016-05-09T01:32:56Z;291
600250.650732738;6754039.30246667;60.9087720048;-139.151582038;2380.848877;2016-05-09T01:35:00Z;292
600310.446547882;6754047.45316087;60.9088300075;-139.1504759621;2387.41333;2016-05-09T01:37:26Z;293
600363.394781078;6754071.12291425;60.9090289939;-139.1494879872;2391.231201;2016-05-09T01:39:16Z;294
600413.743354485;6754104.19171594;60.9093129728;-139.1485430114;2395.956299;2016-05-09T01:41:38Z;295
600458.198084913;6754142.33494459;60.9096439742;-139.1477039829;2398.369385;2016-05-09T01:43:29Z;296
600480.384580555;6754198.24147868;60.9101400152;-139.1472660284;2397.026855;2016-05-09T01:45:09Z;297
600500.509963355;6754254.3047474;60.9106379841;-139.1468659602;2395.255127;2016-05-09T01:46:50Z;298
600510.667167924;6754313.32757053;60.9111650381;-139.1466480307;2391.796631;2016-05-09T01:49:09Z;299
600521.252407478;6754372.80156862;60.9116960317;-139.1464219708;2389.242432;2016-05-09T01:50:46Z;300
600505.190297351;6754430.28901994;60.9122159611;-139.1466880124;2385.756836;2016-05-09T01:52:24Z;301
600481.032647032;6754480.54197542;60.9126730263;-139.1471070237;2381.562012;2016-05-09T01:54:07Z;302
600426.887562788;6754507.2025338;60.9129259922;-139.1480909754;2377.202148;2016-05-09T01:55:54Z;303
600374.57435643;6754534.2518931;60.9131819755;-139.1490409803;2372.745117;2016-05-09T01:59:12Z;304
600318.884007311;6754557.87197094;60.9134080354;-139.1500550229;2366.325195;2016-05-09T02:01:16Z;305
600262.278772601;6754579.4494532;60.9136159904;-139.1510870028;2360.894287;2016-05-09T02:04:00Z;306
600205.708721224;6754599.80514763;60.9138129652;-139.1521189827;2357.642334;2016-05-09T02:06:47Z;307
600152.106456924;6754618.80685177;60.9139970317;-139.1530969832;2355.264404;2016-05-09T02:09:23Z;308
600094.949295158;6754636.80315854;60.9141729679;-139.1541410331;2349.323242;2016-05-09T02:11:00Z;309
600036.649547816;6754647.42627995;60.9142830223;-139.1552099772;2343.748779;2016-05-09T02:12:29Z;310
599976.97250574;6754639.28317161;60.9142250195;-139.1563140415;2338.034668;2016-05-09T02:14:01Z;311
599916.885677114;6754628.56081846;60.9141439665;-139.1574269906;2333.023682;2016-05-09T02:15:29Z;312
599859.593028767;6754612.91130457;60.9140179865;-139.1584909894;2327.808838;2016-05-09T02:16:58Z;313
601024.978514352;6753859.51511054;60.9069620166;-139.1374079883;2455.790771;2016-05-09T23:25:23Z;314
600976.433907411;6753894.79917438;60.9072910063;-139.138283981;2448.468262;2016-05-09T23:28:05Z;315
600927.906162701;6753929.52388878;60.9076149669;-139.1391599737;2442.318115;2016-05-09T23:30:01Z;316
600879.093672382;6753964.69885746;60.9079430345;-139.1400409956;2437.567139;2016-05-09T23:32:02Z;317
600830.874661169;6753999.99404536;60.9082720242;-139.1409110371;2433.670654;2016-05-09T23:33:44Z;318
600781.526662007;6754035.03366358;60.9085990023;-139.1418020334;2429.372314;2016-05-09T23:36:00Z;319
600733.080083123;6754070.88411324;60.9089330211;-139.1426760145;2424.854736;2016-05-09T23:38:34Z;320
600678.943681508;6754098.8771167;60.9091979731;-139.1436589602;2419.528809;2016-05-09T23:40:12Z;321
600624.178938918;6754120.17437164;60.9094029944;-139.1446569934;2415.093994;2016-05-09T23:41:54Z;322
600568.420318214;6754142.2196231;60.9096149728;-139.1456729639;2410.650879;2016-05-09T23:43:28Z;323
600513.416619749;6754164.29641053;60.9098270349;-139.1466750205;2406.029541;2016-05-09T23:45:17Z;324
600457.431767033;6754186.673227;60.9100420307;-139.1476950143;2401.783936;2016-05-09T23:46:52Z;325
600401.067246524;6754209.152266;60.9102580324;-139.148721965;2395.497803;2016-05-09T23:48:32Z;326
600346.466696118;6754230.56106155;60.9104639757;-139.1497169808;2389.451904;2016-05-09T23:50:46Z;327
600290.639915667;6754253.0569801;60.9106799774;-139.1507340409;2384.084717;2016-05-09T23:52:27Z;328
600234.740651709;6754274.4401404;60.9108860046;-139.1517530289;2377.235596;2016-05-09T23:54:50Z;329
600178.379020476;6754296.92268793;60.9111020062;-139.1527799796;2371.671875;2016-05-09T23:57:17Z;330
600122.007270201;6754319.62999857;60.9113200195;-139.1538070142;2364.945068;2016-05-09T23:58:57Z;331
600065.447882224;6754341.43617104;60.9115299862;-139.1548379883;2359.230957;2016-05-10T00:00:32Z;332
600010.163800282;6754364.17582299;60.9117479995;-139.1558449902;2353.023438;2016-05-10T00:02:55Z;333
599956.989339069;6754385.19153119;60.9119500034;-139.156814022;2346.412109;2016-05-10T00:04:44Z;334
599898.284162827;6754408.17293613;60.9121710341;-139.1578839719;2338.570557;2016-05-10T00:07:51Z;335
599844.378586431;6754430.16920209;60.9123820066;-139.1588659957;2331.201172;2016-05-10T00:09:34Z;336
599788.982023401;6754453.13321146;60.9126020316;-139.1598750092;2324.343994;2016-05-10T00:11:41Z;337
599731.448475457;6754473.02100472;60.912794983;-139.1609250102;2317.897705;2016-05-10T00:13:35Z;338
599675.227310392;6754496.41195733;60.9130190313;-139.1619490273;2310.946045;2016-05-10T00:15:48Z;339
599619.918865082;6754518.26009539;60.913228998;-139.162957035;2303.621826;2016-05-10T00:17:40Z;340
599565.569368506;6754540.80847142;60.9134449996;-139.1639470216;2297.093994;2016-05-10T00:19:44Z;341
599508.576005153;6754562.94736083;60.9136579838;-139.1649859585;2290.327148;2016-05-10T00:21:45Z;342
599454.980806323;6754583.62231104;60.9138569701;-139.1659630369;2286.161865;2016-05-10T00:23:45Z;343
601332.971514945;6754128.05340761;60.9092930239;-139.1315920372;2454.664551;2016-05-10T21:34:51Z;344
601288.828781014;6754060.25953065;60.9086959809;-139.1324410401;2457.847412;2016-05-10T21:39:11Z;345
601239.829903396;6753993.44888839;60.9081089962;-139.1333789751;2459.010986;2016-05-10T21:41:18Z;346
601193.153148419;6753926.81718613;60.9075230174;-139.1342739947;2458.639893;2016-05-10T21:43:36Z;347
601138.56987151;6753861.40907755;60.9069500305;-139.1353140213;2459.968018;2016-05-10T21:45:45Z;348
601085.174576425;6753798.14672148;60.9063959867;-139.1363309976;2459.889893;2016-05-10T21:47:47Z;349
601030.806143197;6753734.64274757;60.905840015;-139.137365995;2460.960693;2016-05-10T21:49:49Z;350
600972.330469496;6753674.24565986;60.905312961;-139.1384750046;2458.799316;2016-05-10T21:52:15Z;351
600915.343637834;6753607.32519178;60.9047269821;-139.1395599581;2452.535889;2016-05-10T21:54:38Z;352
600864.063698226;6753547.47990163;60.9042030293;-139.1405360308;2452.880859;2016-05-10T21:56:58Z;353
600807.51894723;6753497.39687017;60.9037680086;-139.141603969;2455.320068;2016-05-10T22:00:09Z;354
598806.573121449;6755255.01566571;60.9200439882;-139.1775690392;2172.700928;2016-05-11T00:43:28Z;355
598841.934635129;6755208.64148437;60.9196190257;-139.1769409832;2179.222168;2016-05-11T00:46:24Z;356
598878.847502605;6755160.96572307;60.9191819932;-139.1762850154;2185.335205;2016-05-11T00:48:29Z;357
598916.517921331;6755121.23237095;60.9188160393;-139.1756110266;2192.749756;2016-05-11T00:51:19Z;358
598961.845375791;6755098.86227955;60.9186039772;-139.1747870017;2198.090576;2016-05-11T00:53:11Z;359
599003.615166404;6755083.4272281;60.9184550308;-139.1740250029;2204.700439;2016-05-11T00:54:46Z;360
599057.86922053;6755052.2838432;60.9181619994;-139.1730409674;2209.55835;2016-05-11T00:56:47Z;361
599103.09946308;6755023.68247705;60.91789403;-139.1722219717;2215.634033;2016-05-11T00:59:05Z;362
599162.460495063;6754980.54002678;60.9174920339;-139.1711500101;2223.216553;2016-05-11T01:01:21Z;363
599221.168420703;6754935.5961907;60.9170740284;-139.1700910404;2231.770996;2016-05-11T01:03:29Z;364
599274.554636491;6754887.1606;60.9166260157;-139.1691319831;2240.570557;2016-05-11T01:05:41Z;365
599327.202084905;6754835.92155384;60.9161530249;-139.1681880131;2248.927979;2016-05-11T01:07:59Z;366
599381.575974309;6754783.17159902;60.9156660363;-139.1672130302;2257.816162;2016-05-11T01:10:22Z;367
599435.095922905;6754728.16607472;60.915159015;-139.1662549786;2266.698975;2016-05-11T01:12:41Z;368
599485.256405246;6754672.8430799;60.914649982;-139.165359037;2276.051758;2016-05-11T01:14:56Z;369
599536.234746373;6754619.55192114;60.9141589701;-139.1644470021;2284.558594;2016-05-11T01:17:14Z;370
599333.497738201;6755070.78523912;60.9182589781;-139.1679509729;2242.710938;2016-05-11T16:25:32Z;371
599315.452308417;6755056.35371023;60.9181340039;-139.1682910267;2241.914795;2016-05-11T16:33:10Z;372
599290.773743143;6755042.51222056;60.9180159867;-139.1687530372;2240.319092;2016-05-11T16:35:04Z;373
599260.190715694;6755024.49877509;60.9178620111;-139.1693260241;2239.716797;2016-05-11T16:36:43Z;374
599234.250941944;6755007.2784608;60.9177139867;-139.1698130127;2239.818604;2016-05-11T16:38:20Z;375
599209.198943883;6754991.31611465;60.9175770264;-139.170282986;2238.105225;2016-05-11T16:39:55Z;376
599184.718715151;6754974.24901708;60.9174300078;-139.1707429849;2236.603271;2016-05-11T16:41:38Z;377
599159.976647917;6754958.73470236;60.917296987;-139.171207007;2234.481201;2016-05-11T16:44:04Z;378
599083.537458398;6755059.6874606;60.9182220139;-139.1725640371;2220.928955;2016-05-11T16:51:06Z;379
599097.809176699;6755082.93298768;60.9184270352;-139.1722890269;2222.11084;2016-05-11T16:52:51Z;380
599113.324747612;6755112.11664982;60.9186850302;-139.1719880328;2218.221436;2016-05-11T16:54:29Z;381
599118.523755607;6755139.77962279;60.9189319611;-139.1718779784;2216.255615;2016-05-11T16:56:41Z;382
599114.699438794;6755167.98487504;60.9191860165;-139.1719339695;2213.179443;2016-05-11T16:58:14Z;383
599110.628029048;6755199.18163119;60.9194669779;-139.1719929781;2209.654297;2016-05-11T16:59:50Z;384
599106.470679051;6755227.59243939;60.9197229613;-139.1720550042;2205.371582;2016-05-11T17:02:35Z;385
599101.917519238;6755256.66474873;60.9199849796;-139.1721239872;2201.983154;2016-05-11T17:05:11Z;386
599092.490877546;6755285.37696864;60.9202449862;-139.1722829919;2198.447021;2016-05-11T17:06:47Z;387
599072.726195112;6755307.33711804;60.9204469901;-139.1726360377;2194.077148;2016-05-11T17:08:22Z;388
599050.345549776;6755327.88871202;60.9206370078;-139.1730380338;2189.823242;2016-05-11T17:09:46Z;389
599029.104427975;6755350.47112463;60.9208449628;-139.1734179854;2185.693848;2016-05-11T17:11:16Z;390
599008.824521969;6755371.5298701;60.9210390039;-139.1737810057;2180.246094;2016-05-11T17:12:39Z;391
598987.496455384;6755393.33480632;60.9212400019;-139.174162969;2176.172119;2016-05-11T17:13:56Z;392
598964.71672703;6755414.53898111;60.9214359708;-139.1745720059;2171.635986;2016-05-11T17:15:24Z;393
598943.080512415;6755435.67238793;60.9216310177;-139.1749600042;2166.730469;2016-05-11T17:16:54Z;394
598923.287641423;6755454.95172219;60.9218089655;-139.1753149778;2162.756104;2016-05-11T17:18:58Z;395
598900.489975127;6755476.82831824;60.9220109694;-139.1757240146;2157.366699;2016-05-11T17:20:20Z;396
598886.931314411;6755490.3873551;60.9221360274;-139.175967006;2154.163086;2016-05-11T17:23:28Z;397
598857.319616689;6755492.12268825;60.9221589938;-139.1765119974;2151.676025;2016-05-11T17:24:55Z;398
598826.963245818;6755495.29471266;60.922195036;-139.1770699807;2150.146729;2016-05-11T17:27:28Z;399
598798.498634849;6755498.6223471;60.9222320002;-139.1775930114;2149.813477;2016-05-11T17:29:20Z;400
598768.313017631;6755505.47053473;60.9223009832;-139.1781459656;2146.050293;2016-05-11T17:32:57Z;401
598739.629550322;6755497.21001343;60.9222340118;-139.1786789708;2145.216064;2016-05-11T17:35:35Z;402
598710.789853927;6755486.71294784;60.9221470077;-139.1792159993;2145.577637;2016-05-11T17:38:37Z;403
598679.828960793;6755480.38856791;60.9220979735;-139.1797899921;2144.923828;2016-05-11T17:40:41Z;404
598655.617407209;6755469.24522316;60.9220040124;-139.1802420281;2144.960205;2016-05-11T17:44:01Z;405
598628.970735245;6755458.02511005;60.9219099674;-139.1807389911;2146.292236;2016-05-11T17:59:05Z;406
598641.517606091;6755553.09794145;60.9227599762;-139.1804590356;2132.270996;2016-05-11T18:15:38Z;407
598669.926543287;6755561.57423419;60.9228289593;-139.1799309757;2132.584229;2016-05-11T18:17:32Z;408
598698.414639841;6755576.85302649;60.9229589626;-139.1793979704;2132.191406;2016-05-11T18:19:50Z;409
598727.284922274;6755588.02340287;60.9230520017;-139.1788600199;2132.756592;2016-05-11T18:21:59Z;410
598755.213926135;6755598.04696504;60.9231349826;-139.1783400066;2130.10498;2016-05-11T18:23:39Z;411
598783.88902797;6755608.53985375;60.9232219867;-139.1778059956;2128.294434;2016-05-11T18:25:28Z;412
598811.659107211;6755620.34353838;60.923320977;-139.177287994;2126.773682;2016-05-11T18:29:23Z;413
598834.919887209;6755571.96086759;60.9228810109;-139.1768839862;2138.706787;2016-05-11T18:43:24Z;414
598833.987977744;6755541.06371111;60.922603989;-139.1769170109;2143.831299;2016-05-11T18:45:46Z;415
598833.275925435;6755512.06884824;60.9223439824;-139.1769450065;2148.848389;2016-05-11T18:47:08Z;416
598836.179674645;6755481.72675088;60.9220709838;-139.1769070365;2152.620361;2016-05-11T18:48:38Z;417
598839.852971043;6755451.18188489;60.9217959736;-139.1768549848;2157.56543;2016-05-11T18:51:25Z;418
598834.113059744;6755421.4960569;60.9215310216;-139.1769760195;2161.754883;2016-05-11T18:53:05Z;419
598835.152087787;6755391.98946348;60.9212659858;-139.1769719962;2164.712646;2016-05-11T18:55:02Z;420
598835.235821613;6755361.68101482;60.9209939931;-139.176985994;2166.969971;2016-05-11T18:57:32Z;421
598835.710931319;6755332.83127243;60.9207349923;-139.176992029;2170.075195;2016-05-11T18:59:27Z;422
598834.652523006;6755302.71523519;60.9204650111;-139.1770269815;2172.554688;2016-05-11T19:01:24Z;423
598833.52696153;6755270.92533616;60.9201800264;-139.1770640295;2175.460449;2016-05-11T19:03:25Z;424
598832.295826117;6755241.13142629;60.919912979;-139.1771019995;2177.821777;2016-05-11T19:05:49Z;425
598835.347634199;6755211.35389769;60.9196450096;-139.177061012;2180.618896;2016-05-11T19:07:43Z;426
598834.88696075;6755187.04576514;60.9194269963;-139.1770819668;2182.516846;2016-05-11T19:10:10Z;427
598779.01577507;6755290.24875504;60.9203670267;-139.1780589614;2169.820557;2016-05-11T19:18:13Z;428
598807.295534508;6755279.89151451;60.9202670306;-139.1775429714;2172.516846;2016-05-11T19:20:14Z;429
598834.110102852;6755273.50092503;60.9202029929;-139.1770519596;2174.685303;2016-05-11T19:22:18Z;430
598864.069491318;6755261.29466965;60.9200859815;-139.1765059624;2177.755127;2016-05-11T19:23:37Z;431
598892.610259562;6755253.17779598;60.9200060181;-139.1759840213;2181.758545;2016-05-11T19:25:13Z;432
598920.077362519;6755242.7988127;60.919906022;-139.1754830349;2186.221191;2016-05-11T19:26:36Z;433
598951.24205797;6755234.1950017;60.9198210295;-139.1749129817;2191.535645;2016-05-11T19:28:13Z;434
598976.151408628;6755224.07214083;60.9197239671;-139.1744590178;2193.092773;2016-05-11T19:29:37Z;435
599006.708683505;6755213.77988656;60.919623971;-139.1739010345;2196.497803;2016-05-11T19:31:02Z;436
599034.838696191;6755205.09223721;60.9195389785;-139.1733869724;2199.199463;2016-05-11T19:32:51Z;437
599062.587182969;6755194.27381133;60.9194349591;-139.1728810407;2202.36499;2016-05-11T19:34:20Z;438
599091.561793651;6755184.49859306;60.9193399921;-139.172351975;2205.953613;2016-05-11T19:35:59Z;439
599119.356975283;6755170.22580897;60.9192049596;-139.1718469653;2209.811279;2016-05-11T19:37:44Z;440
599147.908683262;6755165.67942395;60.9191570152;-139.1713230126;2212.409912;2016-05-11T19:39:15Z;441
599175.587464911;6755153.63626767;60.9190420154;-139.1708190087;2216.033203;2016-05-11T19:40:36Z;442
599204.008373432;6755144.17341659;60.9189499822;-139.1703000013;2218.894287;2016-05-11T19:42:02Z;443
599233.716084199;6755131.29996801;60.9188270196;-139.1697590332;2222.755859;2016-05-11T19:43:25Z;444
599262.308838389;6755127.4188278;60.9187850263;-139.1692339908;2225.560547;2016-05-11T19:44:45Z;445
599290.476097321;6755117.28636938;60.9186870418;-139.1687200125;2229.36792;2016-05-11T19:46:06Z;446
599319.439902246;6755105.83131564;60.9185769875;-139.1681920365;2232.922363;2016-05-11T19:47:22Z;447
599344.501917055;6755094.38883734;60.9184680227;-139.1677359771;2236.55957;2016-05-11T19:48:58Z;448
599362.356571195;6755084.40765552;60.9183739778;-139.1674120165;2239.580078;2016-05-11T19:50:01Z;449
599083.045198818;6754910.00639635;60.9168789815;-139.1726500355;2226.579346;2016-05-11T20:55:44Z;450
599059.973895171;6754893.09157406;60.9167329688;-139.1730839666;2227.580322;2016-05-11T20:59:40Z;451
599033.488645945;6754877.75376978;60.9166019596;-139.1735800076;2227.631836;2016-05-11T21:01:58Z;452
599007.114770553;6754860.53243821;60.916454019;-139.174074959;2227.793945;2016-05-11T21:03:42Z;453
598981.798041033;6754846.00287502;60.9163299669;-139.1745490395;2225.851562;2016-05-11T21:05:55Z;454
598957.025799149;6754829.71391546;60.9161899891;-139.1750139836;2224.639893;2016-05-11T21:07:52Z;455
598932.423516582;6754814.98977604;60.9160640091;-139.1754749883;2224.557373;2016-05-11T21:09:31Z;456
598910.53966753;6754796.21285562;60.9159009811;-139.1758879647;2225.980225;2016-05-11T21:16:00Z;457
598881.483765941;6754783.48548824;60.915794028;-139.1764300223;2224.973633;2016-05-11T21:19:23Z;458
598989.843857949;6754993.54962546;60.9176519606;-139.1743249912;2210.976807;2016-05-11T21:35:30Z;459
598961.955764597;6754983.86178641;60.9175719973;-139.1748439986;2209.984375;2016-05-11T21:37:10Z;460
598938.341349767;6754972.73324628;60.9174780361;-139.1752849706;2210.730957;2016-05-11T21:38:52Z;461
598903.878074085;6754975.10855973;60.9175079595;-139.1759189777;2207.509033;2016-05-11T21:40:54Z;462
598875.15866005;6754981.55779517;60.9175730031;-139.176445026;2204.010254;2016-05-11T21:42:55Z;463
598843.598879002;6754988.92771417;60.9176470153;-139.1770229582;2200.715332;2016-05-11T21:44:21Z;464
598818.129027335;6754997.57880101;60.917731002;-139.1774879862;2198.699951;2016-05-11T21:46:35Z;465
598788.308838426;6755006.66957095;60.9178200178;-139.1780329775;2194.966064;2016-05-11T21:48:13Z;466
598761.929922392;6755018.75185726;60.9179350175;-139.1785130091;2192.470947;2016-05-11T21:50:34Z;467
598733.68939177;6755031.55789064;60.9180569742;-139.1790269874;2189.571045;2016-05-11T21:53:04Z;468
598709.249162943;6755044.25486552;60.918177003;-139.1794709768;2188.310791;2016-05-11T21:54:40Z;469
598689.586359505;6755070.45128512;60.9184169769;-139.1798199993;2184.61792;2016-05-11T21:56:35Z;470
598666.85266292;6755089.99599284;60.918598026;-139.1802290361;2181.111572;2016-05-11T21:59:01Z;471
598646.041285226;6755112.70466849;60.9188069869;-139.180601025;2178.215576;2016-05-11T22:00:30Z;472
598631.728409413;6755133.93117708;60.9190010279;-139.1808539908;2174.201904;2016-05-11T22:04:15Z;473
598613.36498329;6755162.17230919;60.9192590229;-139.1811780352;2171.008057;2016-05-11T22:05:55Z;474
598597.586464375;6755189.36436272;60.9195069596;-139.1814549733;2167.270752;2016-05-11T22:07:16Z;475
598584.972177616;6755215.766238;60.9197470173;-139.1816739924;2164.690674;2016-05-11T22:08:38Z;476
598576.227370212;6755243.48979428;60.9199979715;-139.181821011;2161.057129;2016-05-11T22:09:43Z;477
598573.8899176;6755274.96861731;60.9202810284;-139.1818480007;2156.880615;2016-05-11T22:11:46Z;478
598566.686307261;6755303.85583636;60.9205420408;-139.1819660179;2153.757568;2016-05-11T22:14:50Z;479
598557.351691166;6755333.34714912;60.9208090045;-139.182123011;2149.417969;2016-05-11T22:17:00Z;480
598566.763294516;6755363.69473565;60.9210789856;-139.1819339991;2147.343506;2016-05-11T22:19:24Z;481
598579.712207273;6755397.48447943;60.9213789739;-139.1816780157;2146.821533;2016-05-11T22:25:59Z;482
598502.207056441;6755494.85112454;60.9222719818;-139.1830570064;2130.261963;2016-05-11T22:43:06Z;483
598476.282719028;6755482.98899945;60.9221719857;-139.1835409775;2128.824219;2016-05-11T22:45:54Z;484
598447.551245279;6755472.49710022;60.9220849816;-139.1840759944;2127.609619;2016-05-11T22:49:27Z;485
598418.780342557;6755461.45324439;60.9219930321;-139.1846120171;2127.096924;2016-05-11T22:52:01Z;486
598391.056373602;6755449.86883572;60.9218959697;-139.1851290129;2129.006104;2016-05-11T22:53:47Z;487
598363.902345527;6755439.20647818;60.9218070377;-139.1856350284;2132.692383;2016-05-11T22:55:58Z;488
598382.629662994;6755425.12543754;60.9216760285;-139.1852969863;2132.578125;2016-05-11T23:01:13Z;489
598409.526575837;6755413.71802484;60.92156698;-139.1848069802;2132.578369;2016-05-11T23:02:48Z;490
598437.126561007;6755404.34788473;60.9214760363;-139.1843029764;2134.389648;2016-05-11T23:04:16Z;491
598466.782020614;6755395.13766455;60.9213860147;-139.1837610025;2135.2229;2016-05-11T23:06:31Z;492
598495.038492409;6755385.55263836;60.9212929755;-139.1832450125;2137.320557;2016-05-11T23:08:22Z;493
598528.505880441;6755374.00132139;60.9211809933;-139.1826339718;2141.133057;2016-05-11T23:10:40Z;494
598554.944617905;6755365.37515333;60.9210970066;-139.1821510065;2143.114502;2016-05-11T23:12:56Z;495
598579.597906438;6755356.69964057;60.92101302;-139.1817009822;2145.943848;2016-05-11T23:15:49Z;496
598606.862623312;6755347.64841024;60.92092501;-139.1812030133;2149.611084;2016-05-11T23:17:57Z;497
598637.301488205;6755339.57286908;60.9208449628;-139.1806460358;2154.759766;2016-05-11T23:22:18Z;498
598666.452999252;6755323.33538556;60.9206919931;-139.1801169701;2159.870117;2016-05-11T23:25:19Z;499
598695.978961197;6755314.90805837;60.9206090122;-139.1795770079;2164.484131;2016-05-11T23:27:52Z;500
598718.594816657;6755274.19416001;60.9202380292;-139.179180963;2168.890869;2016-05-11T23:31:52Z;501
598752.852564743;6755238.03528204;60.9199050162;-139.1785679944;2173.198975;2016-05-11T23:34:09Z;502
598799.336642352;6755207.00844737;60.9196150023;-139.177727038;2178.65332;2016-05-11T23:36:41Z;503
598832.552851347;6755167.47733628;60.9192519821;-139.1771350242;2185.13623;2016-05-11T23:38:51Z;504
598837.196081944;6755150.78377491;60.919101024;-139.1770579945;2187.775635;2016-05-11T23:40:59Z;505
598836.066262375;6755121.10477713;60.9188349824;-139.1770940367;2191.463379;2016-05-11T23:50:23Z;506
598835.995770222;6755092.57613674;60.9185789991;-139.1771099623;2194.88916;2016-05-11T23:52:04Z;507
598837.497292396;6755061.97086906;60.9183039889;-139.1770979762;2195.575195;2016-05-11T23:53:26Z;508
598836.188243782;6755032.84733696;60.9180429764;-139.1771370359;2197.072021;2016-05-11T23:55:05Z;509
598835.992531343;6755000.97122659;60.9177569859;-139.1771569848;2199.896973;2016-05-11T23:56:47Z;510
598836.522034576;6754972.12301211;60.9174979851;-139.1771620139;2203.189697;2016-05-11T23:58:13Z;511
598835.8280212;6754942.46548692;60.9172320273;-139.1771900095;2205.243896;2016-05-11T23:59:41Z;512
598836.308799218;6754911.60765707;60.9169550054;-139.1771969665;2209.896729;2016-05-12T00:01:33Z;513
598838.787277208;6754881.02956708;60.9166799951;-139.1771669593;2213.914551;2016-05-12T00:02:57Z;514
598837.808368617;6754851.80313784;60.9164179768;-139.177199984;2217.80542;2016-05-12T00:04:50Z;515
598840.377237536;6754821.90009828;60.9161490016;-139.1771679651;2222.927734;2016-05-12T00:06:27Z;516
598867.39390247;6754802.48490027;60.9159680363;-139.1766799707;2225.158936;2016-05-12T00:08:26Z;517
598888.663205067;6754786.80506624;60.9158220235;-139.1762959957;2227.983154;2016-05-12T00:10:38Z;518
599118.610255088;6754566.65029185;60.9137889929;-139.1721710097;2267.126709;2016-05-12T00:37:53Z;519
599158.30385147;6754608.43659492;60.9141540248;-139.1714179795;2268.891113;2016-05-12T00:39:55Z;520
599212.005824836;6754645.92531942;60.9144769795;-139.170408966;2268.044189;2016-05-12T00:43:02Z;521
599247.417240091;6754693.27235937;60.9148929734;-139.1697319597;2263.567871;2016-05-12T01:25:02Z;522
599293.185391884;6754732.88538503;60.9152369667;-139.1688680369;2260.4375;2016-05-12T01:27:32Z;523
599331.812449041;6754775.7555346;60.915611973;-139.1681340337;2259.336426;2016-05-12T01:29:23Z;524
599376.180662268;6754819.01085527;60.915988991;-139.1672939993;2261.956299;2016-05-12T01:31:15Z;525
599419.924504109;6754861.13774771;60.9163560346;-139.1664660349;2263.380371;2016-05-12T01:33:17Z;526
599464.86428301;6754901.28107501;60.9167049732;-139.165617032;2266.102783;2016-05-12T01:35:11Z;527
599507.346964572;6754941.92599721;60.9170590248;-139.1648130398;2266.266357;2016-05-12T01:36:53Z;528
604113.975775182;6763367.86641476;60.9914800152;-139.0753470361;2242.325928;2016-05-12T21:09:58Z;529
604116.936039497;6763311.44726086;60.9909729939;-139.0753229801;2247.322021;2016-05-12T21:16:21Z;530
604132.144561164;6763252.4922599;60.9904399887;-139.0750740375;2251.997314;2016-05-12T21:18:30Z;531
604147.654838556;6763194.55505268;60.9899160359;-139.0748189762;2256.643066;2016-05-12T21:20:59Z;532
604170.480805521;6763139.83157845;60.989418989;-139.0744270384;2261.045654;2016-05-12T21:22:42Z;533
604203.298602155;6763089.75517719;60.9889610019;-139.0738480166;2265.900146;2016-05-12T21:25:05Z;534
604236.503470609;6763039.35414478;60.9884999972;-139.0732620377;2270.592285;2016-05-12T21:27:54Z;535
604274.132774471;6762996.99577561;60.9881099872;-139.0725899767;2274.069336;2016-05-12T21:30:11Z;536
604332.077042464;6762981.65343625;60.9879570175;-139.0715279896;2277.777588;2016-05-12T21:32:30Z;537
604391.011693247;6762967.6770271;60.9878160339;-139.0704469755;2280.404297;2016-05-12T21:35:22Z;538
604450.00811806;6762964.39933981;60.9877710231;-139.0693590045;2283.701416;2016-05-12T21:37:09Z;539
604509.106382934;6762970.59785116;60.9878110047;-139.0682639927;2284.744873;2016-05-12T21:38:54Z;540
604568.494834383;6762976.0305792;60.9878440294;-139.0671640355;2283.120361;2016-05-12T21:40:35Z;541
604617.45724367;6763006.45309474;60.9881040361;-139.066243032;2280.879639;2016-05-12T21:42:15Z;542
604661.10016359;6763048.41468301;60.9884689841;-139.065413978;2278.857666;2016-05-12T21:43:54Z;543
604703.1439727;6763089.33005786;60.9888249636;-139.0646150149;2276.808838;2016-05-12T21:45:42Z;544
604753.327789137;6763125.92799675;60.9891400393;-139.0636680275;2276.375;2016-05-12T21:47:20Z;545
604802.313090311;6763159.13764685;60.989425024;-139.0627450123;2276.551514;2016-05-12T21:48:57Z;546
604850.609688599;6763193.66345977;60.9897219948;-139.0618339833;2277.159424;2016-05-12T21:50:41Z;547
604882.838552061;6763238.75589328;60.9901180398;-139.0612139739;2275.256592;2016-05-12T21:52:22Z;548
604891.962527069;6763298.09219822;60.9906480275;-139.0610129759;2272.076172;2016-05-12T21:54:08Z;549
604900.24348323;6763356.61889754;60.9911709744;-139.0608279873;2268.274658;2016-05-12T21:55:40Z;550
604894.824337823;6763413.52556199;60.9916830249;-139.0608969703;2265.874512;2016-05-12T21:57:23Z;551
604861.347662943;6763463.68844769;60.9921420179;-139.0614879783;2263.096924;2016-05-12T21:58:55Z;552
604829.721061961;6763513.45797299;60.9925969876;-139.0620450396;2260.348877;2016-05-12T22:00:28Z;553
604795.879874351;6763563.27433299;60.9930529632;-139.0626430046;2258.937744;2016-05-12T22:02:04Z;554
604759.301928589;6763612.23470511;60.9935019817;-139.0632920153;2256.018311;2016-05-12T22:04:08Z;555
604723.953263177;6763660.00802887;60.99394002;-139.0639189817;2254.554688;2016-05-12T22:05:36Z;556
604688.09307622;6763708.54189617;60.9943850152;-139.0645550005;2252.525635;2016-05-12T22:07:16Z;557
604648.042877328;6763732.31886178;60.9946089797;-139.065281963;2250.694092;2016-05-12T22:09:57Z;558
604588.706038025;6763736.4795043;60.9946620371;-139.066375969;2248.615723;2016-05-12T22:11:28Z;559
604528.863582469;6763741.17735924;60.9947200399;-139.0674790274;2245.972412;2016-05-12T22:13:05Z;560
604468.377941244;6763745.84790707;60.9947779588;-139.0685939882;2244.041016;2016-05-12T22:14:49Z;561
604410.860313553;6763736.02497768;60.9947050363;-139.0696620103;2242.790527;2016-05-12T22:17:51Z;562
604355.219543013;6763715.76785562;60.994537985;-139.070701031;2241.010986;2016-05-12T22:19:28Z;563
604299.71635698;6763694.51614981;60.994361965;-139.0717380401;2238.997559;2016-05-12T22:20:56Z;564
604249.324489505;6763663.28031775;60.9940950014;-139.0726860333;2235.690674;2016-05-12T22:23:00Z;565
604217.674368533;6763613.2037962;60.9936540294;-139.0732979961;2235.365479;2016-05-12T22:24:44Z;566
604183.955712923;6763563.39370811;60.9932159912;-139.0739480127;2237.317383;2016-05-12T22:26:58Z;567
604149.041818954;6763513.77303468;60.9927799646;-139.0746199898;2237.424072;2016-05-12T22:28:45Z;568
604135.279010809;6763457.1985488;60.9922759607;-139.0749049746;2239.924316;2016-05-12T22:30:33Z;569
604120.082105874;6763397.68615368;60.991745973;-139.0752180386;2242.14209;2016-05-12T22:32:28Z;570
604161.768253001;6763397.57575463;60.9917339869;-139.0744479932;2243.798096;2016-05-12T22:46:29Z;571
604218.356859514;6763391.21576499;60.9916619863;-139.0734060388;2245.807129;2016-05-12T22:48:45Z;572
604278.119945661;6763383.83848058;60.9915800113;-139.0723059978;2248.025879;2016-05-12T22:50:29Z;573
604336.997946181;6763377.09936767;60.9915039875;-139.0712219663;2248.358887;2016-05-12T22:52:20Z;574
604397.185652429;6763369.96077088;60.9914240241;-139.0701139625;2248.447754;2016-05-12T22:54:12Z;575
604457.095312095;6763363.02984089;60.9913459886;-139.0690109879;2251.558105;2016-05-12T22:55:59Z;576
604516.152324652;6763355.63571112;60.9912640136;-139.0679240227;2254.134766;2016-05-12T22:57:55Z;577
604576.947957609;6763348.0696821;60.9911800269;-139.0668050386;2256.905762;2016-05-12T22:59:45Z;578
604635.932796898;6763341.45073787;60.9911050089;-139.0657189954;2258.610107;2016-05-12T23:01:32Z;579
604694.993962593;6763333.94758269;60.991022028;-139.0646320302;2261.196533;2016-05-12T23:03:29Z;580
604754.388438892;6763326.23106163;60.9909370355;-139.06353903;2262.878174;2016-05-12T23:05:16Z;581
604813.098768443;6763319.71901756;60.9908630233;-139.062458016;2265.572998;2016-05-12T23:07:03Z;582
604873.724187518;6763312.59204083;60.9907829762;-139.0613419656;2267.480469;2016-05-12T23:08:57Z;583
604932.783167498;6763305.2048402;60.9907010011;-139.0602550004;2268.157959;2016-05-12T23:10:48Z;584
604992.817107351;6763297.8475069;60.9906190261;-139.0591500141;2270.413818;2016-05-12T23:12:31Z;585
605052.183409782;6763291.13462928;60.9905430023;-139.0580570139;2271.531006;2016-05-12T23:14:15Z;586
605111.470802125;6763283.42085441;60.9904580098;-139.0569660254;2273.30957;2016-05-12T23:16:17Z;587
605120.399681265;6763228.85114612;60.989965992;-139.0568309929;2277.318604;2016-05-12T23:20:31Z;588
605073.443701566;6763189.45701055;60.9896250162;-139.0577199776;2278.579102;2016-05-12T23:22:45Z;589
605030.117400976;6763148.05061899;60.9892650135;-139.0585429966;2281.336426;2016-05-12T23:24:33Z;590
604987.346172437;6763106.10075708;60.9888999816;-139.0593560413;2284.824463;2016-05-12T23:26:14Z;591
604943.552348202;6763064.01840782;60.9885340277;-139.060188029;2289.074219;2016-05-12T23:28:07Z;592
604899.948840626;6763022.82971727;60.9881760366;-139.0610159934;2292.006348;2016-05-12T23:30:10Z;593
604857.657544293;6762981.1199496;60.9878130164;-139.0618199855;2292.988281;2016-05-12T23:31:51Z;594
604814.070654765;6762939.14820642;60.9874479845;-139.0626480337;2293.058594;2016-05-12T23:33:48Z;595
604770.521791891;6762897.85075117;60.9870889876;-139.0634749923;2292.911865;2016-05-12T23:35:31Z;596
604727.147142919;6762855.99853392;60.9867249615;-139.0642990172;2293.777588;2016-05-12T23:37:10Z;597
604684.909215531;6762814.18981333;60.9863610193;-139.0651020035;2296.422852;2016-05-12T23:39:04Z;598
604641.085236249;6762772.88594462;60.9860020224;-139.0659339912;2299.415771;2016-05-12T23:41:16Z;599
604598.90988212;6762730.73454512;60.9856349789;-139.0667359717;2302.777832;2016-05-12T23:43:04Z;600
604555.31650449;6762688.77538447;60.9852700308;-139.0675640199;2308.430908;2016-05-12T23:46:27Z;601
604512.722170235;6762647.83645871;60.9849139675;-139.0683730412;2311.767578;2016-05-12T23:48:38Z;602
604481.695833355;6762666.42643645;60.9850889817;-139.0689359698;2307.132812;2016-05-12T23:51:21Z;603
604479.381600304;6762722.75241954;60.9855949972;-139.0689480398;2304.13623;2016-05-12T23:53:30Z;604
604480.221222053;6762780.61931987;60.9861140046;-139.0689010173;2299.550049;2016-05-12T23:55:48Z;605
604482.168481208;6762843.08684812;60.9866739996;-139.0688310284;2295.219482;2016-05-12T23:57:23Z;606
604483.102310849;6762903.29190003;60.9872139618;-139.0687809885;2291.719971;2016-05-12T23:58:55Z;607
604486.099485246;6762963.23085472;60.9877509903;-139.0686929785;2286.88623;2016-05-13T00:00:26Z;608
604485.622813333;6763023.40366948;60.9882910363;-139.0686690062;2281.274414;2016-05-13T00:02:09Z;609
604487.821393962;6763082.87070349;60.9888240416;-139.0685959999;2275.287109;2016-05-13T00:03:34Z;610
604489.01235885;6763143.41966215;60.9893670212;-139.0685410146;2270.329834;2016-05-13T00:05:09Z;611
604490.511282378;6763202.75398287;60.9898990206;-139.0684810001;2265.960693;2016-05-13T00:06:34Z;612
604492.917434576;6763262.55411763;60.9904349595;-139.0684039705;2262.639648;2016-05-13T00:08:05Z;613
604493.781367148;6763323.1027973;60.990978023;-139.0683550201;2259.655029;2016-05-13T00:10:20Z;614
604496.236853175;6763384.91281692;60.991531983;-139.0682759788;2257.480713;2016-05-13T00:11:59Z;615
604495.995178411;6763442.63580889;60.9920499846;-139.0682489891;2256.256104;2016-05-13T00:13:40Z;616
604496.639416501;6763503.39288382;60.992594976;-139.0682039782;2254.778809;2016-05-13T00:15:25Z;617
604498.846878537;6763562.52396054;60.9931249637;-139.0681309719;2253.965576;2016-05-13T00:17:00Z;618
604500.033356851;6763623.19429104;60.9936690331;-139.0680759866;2253.219482;2016-05-13T00:18:43Z;619
604501.165604588;6763683.8536883;60.9942130186;-139.0680220071;2251.227539;2016-05-13T00:20:15Z;620
604502.059770134;6763743.50653453;60.9947480354;-139.067972973;2249.766357;2016-05-13T00:27:07Z;621
604503.920812242;6763803.29066988;60.9952839743;-139.0679060016;2248.782227;2016-05-13T00:28:44Z;622
604504.915710922;6763863.05860104;60.995819997;-139.0678550396;2247.844482;2016-05-13T00:30:09Z;623
604506.113051532;6763923.49575591;60.9963619709;-139.0677999705;2245.08667;2016-05-13T00:31:46Z;624
604509.41308474;6763984.00430332;60.9969040286;-139.0677060094;2242.946777;2016-05-13T00:33:19Z;625
604508.257098897;6764041.47618485;60.9974200185;-139.0676960349;2237.594727;2016-05-13T00:34:53Z;626
604510.099005446;6764070.83467847;60.9976829588;-139.0676459949;2232.969971;2016-05-13T00:37:14Z;627
604492.75477487;6764099.18802038;60.9979419596;-139.0679510124;2229.192627;2016-05-13T00:39:16Z;628
604447.934404611;6764055.40906922;60.9975610022;-139.0688030329;2233.711426;2016-05-13T00:41:22Z;629
604401.790876752;6764016.15969341;60.9972210322;-139.0696770139;2236.243652;2016-05-13T00:43:35Z;630
604356.192564603;6763976.69348771;60.9968789667;-139.0705410205;2236.94458;2016-05-13T00:45:10Z;631
604310.787429702;6763938.02762073;60.9965440258;-139.0714010037;2236.189941;2016-05-13T00:46:47Z;632
604265.19340649;6763898.34794106;60.9962000325;-139.0722650103;2235.45459;2016-05-13T00:48:15Z;633
604219.460187934;6763859.66432586;60.9958650079;-139.0731310286;2233.718994;2016-05-13T00:49:58Z;634
604174.340478424;6763820.448241;60.9955250379;-139.0739859827;2230.473145;2016-05-13T00:51:28Z;635
604128.625007777;6763781.0938189;60.9951839782;-139.0748520009;2228.294189;2016-05-13T00:53:01Z;636
604082.933290952;6763742.74959739;60.994851971;-139.0757170133;2227.46875;2016-05-13T00:54:51Z;637
604038.346685014;6763703.66312622;60.9945130069;-139.076561993;2226.080566;2016-05-13T00:56:35Z;638
603992.624619205;6763664.43182457;60.9941730369;-139.0774280112;2223.24292;2016-05-13T00:58:20Z;639
603946.311279614;6763625.06236514;60.9938319772;-139.0783050098;2220.185059;2016-05-13T00:59:56Z;640
603900.692677329;6763585.94746399;60.9934930131;-139.0791690163;2219.116455;2016-05-13T01:01:35Z;641
603856.526411221;6763547.09062123;60.9931559768;-139.0800060332;2218.966553;2016-05-13T01:03:21Z;642
603810.631786145;6763508.19306038;60.9928190242;-139.0808749851;2215.818115;2016-05-13T01:05:17Z;643
603765.678089879;6763468.42692359;60.9924740251;-139.0817270055;2214.616455;2016-05-13T01:07:53Z;644
603802.570842576;6763443.42663415;60.9922400024;-139.0810589679;2218.5;2016-05-13T01:10:39Z;645
603860.804602671;6763434.43756367;60.9921440296;-139.0799880121;2223.838623;2016-05-13T01:12:55Z;646
603920.396499926;6763427.26414127;60.9920639824;-139.0788909886;2229.343018;2016-05-13T01:14:44Z;647
603980.320121713;6763419.77449869;60.9919810016;-139.077788014;2234.894043;2016-05-13T01:16:44Z;648
604038.755007381;6763413.24166724;60.9919069894;-139.0767120291;2238.828369;2016-05-13T01:18:49Z;649
604099.508336713;6763405.32999898;60.9918199852;-139.075593967;2243.09375;2016-05-13T01:20:45Z;650
606318.033169125;6761531.76608912;60.9744179808;-139.0356479958;2523.588135;2016-05-13T20:33:48Z;651
606298.374675244;6761269.71464987;60.9720719699;-139.0361560229;2534.590332;2016-05-13T20:53:47Z;652
606274.173878672;6760989.25525826;60.969562009;-139.0367580112;2546.115234;2016-05-13T21:18:27Z;653
606253.399324285;6760715.35400309;60.967109967;-139.0372930281;2572.98999;2016-05-13T21:41:47Z;654
606396.719353502;6761122.43289774;60.9707239922;-139.0344219748;2531.880127;2016-05-13T23:12:29Z;655
606141.183473702;6761204.82683463;60.9715320077;-139.0390939638;2526.070557;2016-05-13T23:30:47Z;656
606082.428246431;6762163.42934206;60.9801490232;-139.0396490134;2482.608643;2016-05-14T00:05:01Z;657
605968.90272195;6762549.98806008;60.9836479649;-139.041532008;2419.101318;2016-05-14T00:28:14Z;658
605120.654465364;6762899.08502165;60.9870070126;-139.0570070129;2321.025879;2016-05-14T00:53:24Z;659
603455.508562853;6763655.94377981;60.9942379966;-139.0873560403;2200.437012;2016-05-14T15:48:06Z;660
603502.740572184;6763695.54833402;60.9945809841;-139.0864620265;2202.621582;2016-05-14T15:51:32Z;661
603544.831587949;6763737.01166656;60.9949419927;-139.0856619738;2203.282715;2016-05-14T15:53:40Z;662
603590.176641579;6763776.22602122;60.9952819627;-139.0848029964;2208.704834;2016-05-14T15:55:30Z;663
603634.361294838;6763816.30381611;60.9956299793;-139.0839649737;2212.412109;2016-05-14T15:57:38Z;664
603679.234388042;6763856.85073914;60.9959820192;-139.0831139591;2210.762695;2016-05-14T15:59:22Z;665
603724.958073835;6763897.75012885;60.9963369928;-139.0822470188;2210.25;2016-05-14T16:01:10Z;666
603769.104960466;6763937.15604113;60.9966789745;-139.081410002;2209.914795;2016-05-14T16:04:57Z;667
603814.035913197;6763977.48229698;60.9970290028;-139.0805579815;2211.05542;2016-05-14T16:06:44Z;668
603858.170948549;6764017.22534149;60.9973740019;-139.0797209647;2212.62915;2016-05-14T16:09:04Z;669
603903.360696869;6764057.78459415;60.9977260418;-139.0788639989;2213.190186;2016-05-14T16:12:39Z;670
603947.404661151;6764096.85357849;60.998065006;-139.0780289937;2212.300049;2016-05-14T16:17:13Z;671
603992.325225924;6764137.39680611;60.9984169621;-139.0771769732;2213.401123;2016-05-14T16:18:54Z;672
604036.703901156;6764177.82197099;60.9987679962;-139.0763350111;2214.640137;2016-05-14T16:20:42Z;673
604081.590781237;6764217.59008623;60.9991129953;-139.0754839964;2213.910645;2016-05-14T16:22:54Z;674
604125.550035628;6764257.5557313;60.9994600061;-139.0746499971;2211.301514;2016-05-14T16:24:29Z;675
604170.207470028;6764297.65459551;60.9998080228;-139.0738030057;2209.637207;2016-05-14T16:26:15Z;676
604192.321637916;6764318.58537734;60.9999899939;-139.0733829886;2209.630371;2016-05-14T16:28:08Z;677
603861.673933473;6763973.41419531;60.9969799686;-139.0796799771;2209.701416;2016-05-14T16:42:27Z;678
603904.257208601;6763933.20605737;60.9966079798;-139.0789149608;2212.645508;2016-05-14T16:44:21Z;679
603948.515182126;6763891.15124093;60.9962189756;-139.0781200212;2216.401367;2016-05-14T16:46:09Z;680
603999.516815914;6763842.71859069;60.9957709629;-139.077203963;2219.517334;2016-05-14T16:49:30Z;681
604041.934685614;6763800.83502704;60.9953839704;-139.07644297;2223.339844;2016-05-14T16:51:28Z;682
604085.123406897;6763758.53554016;60.9949930385;-139.0756679792;2226.821533;2016-05-14T16:54:12Z;683
604127.546557275;6763716.54098721;60.9946050402;-139.0749069862;2230.986328;2016-05-14T16:56:17Z;684
604169.532520724;6763674.63680509;60.9942179639;-139.0741540398;2234.097412;2016-05-14T16:57:55Z;685
604213.332489586;6763632.020455;60.9938240144;-139.073367985;2236.327148;2016-05-14T16:59:48Z;686
604255.595438461;6763590.02261328;60.9934360161;-139.0726100095;2240.23999;2016-05-14T17:01:38Z;687
604297.751815318;6763548.13419903;60.9930490237;-139.0718539618;2242.713135;2016-05-14T17:03:38Z;688
604340.72266364;6763506.04604552;60.9926600195;-139.0710829943;2245.084961;2016-05-14T17:05:37Z;689
604383.823113911;6763463.289612;60.9922649805;-139.0703100152;2247.244873;2016-05-14T17:10:33Z;690
604426.413121749;6763421.41539675;60.991877988;-139.0695460048;2250.291016;2016-05-14T17:12:31Z;691
604469.12282725;6763379.20889502;60.991487978;-139.0687799826;2253.835205;2016-05-14T17:14:07Z;692
604511.93780055;6763337.00597685;60.9910979681;-139.0680120327;2256.641357;2016-05-14T17:16:06Z;693
604554.978943194;6763294.70745803;60.9907070361;-139.0672399756;2259.618408;2016-05-14T17:18:12Z;694
604597.233578273;6763253.26430072;60.9903239831;-139.0664820001;2262.349365;2016-05-14T17:20:30Z;695
604639.24789827;6763210.92707564;60.9899329673;-139.0657289699;2266.056885;2016-05-14T17:22:35Z;696
604683.313315298;6763168.77235458;60.9895430412;-139.0649379697;2268.599121;2016-05-14T17:24:32Z;697
604725.472031636;6763126.9914912;60.9891569708;-139.0641820058;2271.442139;2016-05-14T17:26:12Z;698
604767.594827205;6763084.77098239;60.9887669608;-139.063426964;2276.604248;2016-05-14T17:28:00Z;699
604804.245662012;6763037.04575454;60.9883290064;-139.0627760254;2282.489014;2016-05-14T17:38:08Z;700
604840.130208932;6762987.95302517;60.987878982;-139.0621400066;2290.321045;2016-05-14T17:39:56Z;701
604874.83794189;6762940.17096466;60.9874410275;-139.0615250263;2297.006348;2016-05-14T17:42:14Z;702
604910.014993315;6762891.28212964;60.9869930148;-139.0609019995;2305.770996;2016-05-14T17:47:08Z;703
604945.885793926;6762842.75045027;60.9865480196;-139.0602659807;2314.904541;2016-05-14T17:48:58Z;704
604981.104644086;6762794.19978426;60.9861030243;-139.0596420318;2322.010498;2016-05-14T17:50:38Z;705
605016.0339562;6762746.41619702;60.9856649861;-139.0590230282;2327.993652;2016-05-14T17:52:24Z;706
605051.773952245;6762696.8820715;60.9852110222;-139.0583900269;2333.039795;2016-05-14T17:54:06Z;707
605087.054546151;6762648.33418741;60.984766027;-139.0577649884;2337.733887;2016-05-14T17:55:44Z;708
605121.99991467;6762600.10362868;60.9843239654;-139.0571459848;2341.572266;2016-05-14T17:57:18Z;709
605157.380009591;6762551.78352481;60.9838809818;-139.0565190185;2344.45874;2016-05-14T17:59:05Z;710
605192.947269105;6762502.6939515;60.9834310412;-139.0558890346;2345.985107;2016-05-14T18:01:41Z;711
605227.868809487;6762455.36041289;60.9829970263;-139.0552700311;2349.242188;2016-05-14T18:03:16Z;712
605263.543724439;6762406.377433;60.9825480077;-139.0546380356;2351.397217;2016-05-14T18:05:06Z;713
603816.104045852;6764015.87995474;60.9973729961;-139.0804989729;2206.135986;2016-05-14T21:21:05Z;714
603773.205126133;6764057.63984276;60.9977589827;-139.0812690184;2201.200195;2016-05-14T21:23:17Z;715
603729.653769442;6764099.71739501;60.9981479868;-139.0820509661;2196.915527;2016-05-14T21:24:48Z;716
603685.611747331;6764139.99687863;60.9985209815;-139.0828429721;2192.773682;2016-05-14T21:28:02Z;717
603644.867868171;6764182.15759341;60.9989099856;-139.0835730359;2186.480713;2016-05-14T21:29:46Z;718
603598.832392571;6764222.26764967;60.9992819745;-139.0844020061;2181.388428;2016-05-14T21:31:55Z;719
603554.734668688;6764264.55541551;60.9996729903;-139.0851940122;2175.868896;2016-05-14T21:34:50Z;720
603511.59373063;6764305.64794007;61.0000530258;-139.0859690029;2171.116699;2016-05-14T21:36:58Z;721
603468.13429143;6764346.49811476;61.0004309658;-139.0867500287;2165.941162;2016-05-14T21:38:48Z;722
603424.103827639;6764388.4530721;61.0008189641;-139.0875410289;2160.835938;2016-05-14T21:40:22Z;723
603381.684667706;6764429.00766948;61.0011939704;-139.0883030277;2155.159424;2016-05-14T21:41:49Z;724
603340.258610178;6764472.71172937;61.0015969723;-139.0890449937;2149.261719;2016-05-14T21:43:21Z;725
603302.283006961;6764520.53366802;61.0020360164;-139.0897209942;2143.826172;2016-05-14T21:44:53Z;726
603265.802674355;6764569.06281797;61.0024810117;-139.0903689992;2138.875732;2016-05-14T21:46:31Z;727
603228.775952645;6764614.12008703;61.0028949939;-139.0910289902;2131.496338;2016-05-14T21:48:20Z;728
603191.793899588;6764661.41159031;61.0033290088;-139.0916869696;2126.005859;2016-05-14T21:50:03Z;729
603155.179135204;6764709.05043334;61.0037660412;-139.092337992;2120.460449;2016-05-14T21:51:49Z;730
603117.882514382;6764755.99718819;61.0041970387;-139.0930020064;2114.007812;2016-05-14T21:53:23Z;731
603080.954723448;6764803.39408118;61.0046319757;-139.09365898;2107.77832;2016-05-14T21:55:24Z;732
603043.951190063;6764849.68684505;61.005057022;-139.0943179652;2101.996338;2016-05-14T21:56:54Z;733
603005.986924323;6764897.39057488;61.0054949764;-139.0949939657;2095.388428;2016-05-14T21:58:31Z;734
602970.169227645;6764943.83063685;61.0059210286;-139.0956309903;2088.40332;2016-05-14T22:00:04Z;735
602930.475991844;6764991.48482354;61.006358983;-139.0963390097;2080.531494;2016-05-14T22:09:20Z;736
602895.797493695;6765037.95869;61.0067850351;-139.0969549958;2074.883545;2016-05-14T22:11:28Z;737
602858.251307231;6765086.23649379;61.0072280187;-139.0976230334;2067.747314;2016-05-14T22:13:16Z;738
602820.941144208;6765134.07313259;61.007666979;-139.098286964;2061.647705;2016-05-14T22:14:43Z;739
602783.493308145;6765180.90661381;61.0080969706;-139.0989539959;2055.419678;2016-05-14T22:16:15Z;740
602747.08442636;6765227.44366448;61.0085240286;-139.0996020008;2048.6604;2016-05-14T22:17:53Z;741
602710.16297124;6765274.95636241;61.0089599714;-139.1002589744;2041.719482;2016-05-14T22:19:28Z;742
602672.829720813;6765321.69148228;61.009389041;-139.1009239946;2034.393799;2016-05-14T22:21:25Z;743
603924.99941568;6764028.54568144;60.9974579886;-139.0784800239;2205.701172;2016-05-15T01:41:56Z;744
603387.128120924;6763899.57780598;60.9964420181;-139.0884880163;2174.091309;2016-05-15T16:12:27Z;745
603430.088848541;6763940.72892969;60.9968000092;-139.087672038;2182.058594;2016-05-15T16:21:09Z;746
603474.202582262;6763981.35381794;60.9971529711;-139.0868350212;2187.64917;2016-05-15T16:23:04Z;747
603518.190149529;6764022.53608987;60.9975109622;-139.086000016;2187.975586;2016-05-15T16:24:44Z;748
603561.470889771;6764063.81037772;60.9978699591;-139.0851780027;2187.194336;2016-05-15T16:26:12Z;749
603605.015998173;6764105.31716124;60.9982309677;-139.0843509603;2186.305176;2016-05-15T16:27:47Z;750
603649.616875325;6764145.74379599;60.9985820018;-139.0835049748;2185.485352;2016-05-15T16:29:51Z;751
603692.357239363;6764186.77979758;60.998938987;-139.0826930199;2185.713379;2016-05-15T16:31:41Z;752
603736.601759101;6764228.30879934;60.9992999956;-139.0818529855;2185.02002;2016-05-15T16:33:09Z;753
603780.815578982;6764268.83796777;60.9996520355;-139.0810140409;2183.860107;2016-05-15T16:34:45Z;754
603824.301434919;6764310.33657437;61.0000129603;-139.0801880043;2183.253906;2016-05-15T16:36:19Z;755
603868.008573422;6764351.52463871;61.0003710352;-139.0793580282;2182.60498;2016-05-15T16:37:45Z;756
603911.406334976;6764392.24647696;61.000725003;-139.0785340033;2182.519775;2016-05-15T16:39:13Z;757
603954.888840542;6764433.75605286;61.0010860115;-139.0777079668;2178.947754;2016-05-15T16:40:42Z;758
603998.83373537;6764474.15881403;61.0014369618;-139.0768739674;2175.211426;2016-05-15T16:42:08Z;759
604020.66893791;6764495.3138775;61.0016210284;-139.0764589794;2172.147949;2016-05-15T16:43:41Z;760
603985.557278082;6764539.19616389;61.0020240303;-139.0770840179;2166.730225;2016-05-15T16:46:26Z;761
603947.845875;6764563.04920885;61.0022479948;-139.0777679812;2164.976807;2016-05-15T16:49:25Z;762
603888.496914291;6764570.00438952;61.0023260303;-139.0788609814;2165.531738;2016-05-15T16:51:35Z;763
603829.100684319;6764576.72563393;61.0024019703;-139.0799549874;2163.424072;2016-05-15T16:53:07Z;764
603769.005308335;6764583.32462151;61.0024769884;-139.0810619853;2161.841064;2016-05-15T16:54:47Z;765
603708.386069621;6764589.23669713;61.0025459714;-139.0821790416;2158.534668;2016-05-15T16:56:25Z;766
603649.595084533;6764595.76379779;61.0026199836;-139.0832619835;2155.320557;2016-05-15T16:58:00Z;767
603589.937543101;6764602.15441839;61.00269299;-139.0843610186;2151.392334;2016-05-15T16:59:30Z;768
603529.884476788;6764609.20704889;61.0027720314;-139.0854670107;2147.305664;2016-05-15T17:01:03Z;769
603469.566604632;6764616.01941589;61.0028489772;-139.086578032;2143.295166;2016-05-15T17:02:31Z;770
603411.482330316;6764622.45898537;61.0029219836;-139.0876479819;2139.184326;2016-05-15T17:03:56Z;771
603350.567797452;6764629.3773725;61.0030000191;-139.0887699835;2134.281738;2016-05-15T17:05:18Z;772
603291.751228992;6764636.68494128;61.0030809883;-139.0898530092;2132.261719;2016-05-15T17:06:47Z;773
603231.62668599;6764642.50743783;61.0031489655;-139.090961013;2128.400391;2016-05-15T17:08:16Z;774
603172.402720019;6764649.02976176;61.0032229777;-139.0920520015;2123.715332;2016-05-15T17:10:25Z;775
603112.713421935;6764654.87628242;61.0032910388;-139.0931519587;2119.398193;2016-05-15T17:11:45Z;776
603053.368429838;6764661.83609635;61.0033689905;-139.0942449588;2113.661865;2016-05-15T17:13:15Z;777
602994.358210719;6764668.36759053;61.0034430027;-139.0953320079;2108.13208;2016-05-15T17:15:21Z;778
602934.126123149;6764674.19196533;61.0035109799;-139.0964420233;2098.752686;2016-05-15T17:17:20Z;779
602875.136537347;6764682.06183355;61.0035969783;-139.0975279827;2089.209717;2016-05-15T17:19:15Z;780
602845.341335435;6764685.10098353;61.0036320146;-139.0980769973;2083.935547;2016-05-15T17:21:15Z;781
602805.269788797;6764736.53817517;61.0041039996;-139.098789962;2077.60376;2016-05-15T17:24:05Z;782
602774.896271397;6764794.83352892;61.0046349932;-139.0993200336;2070.253174;2016-05-15T17:25:46Z;783
602771.853053307;6764823.27350355;61.0048909765;-139.0993610211;2067.884766;2016-05-15T17:27:49Z;784
602818.141090175;6764859.60982772;61.0052049626;-139.0984860342;2072.935303;2016-05-15T17:30:13Z;785
602864.878511644;6764897.30499752;61.0055310186;-139.0976019949;2075.143555;2016-05-15T17:44:44Z;786
602911.80538893;6764935.78165872;61.0058640316;-139.0967140161;2078.10083;2016-05-15T17:46:45Z;787
602957.819195702;6764974.1203347;61.0061960388;-139.0958429687;2079.88623;2016-05-15T17:48:37Z;788
603004.0482258;6765012.35381371;61.0065270402;-139.0949679818;2080.939697;2016-05-15T17:50:35Z;789
603049.985873375;6765049.34640003;61.0068469774;-139.0940990299;2080.599609;2016-05-15T17:52:33Z;790
603096.163079;6765087.57965147;61.0071779788;-139.093224965;2080.06958;2016-05-15T18:02:28Z;791
603142.535927526;6765126.37972437;61.0075140093;-139.0923469607;2076.541504;2016-05-15T18:04:27Z;792
603198.328622624;6765084.98871831;61.0071280226;-139.091338031;2084.771484;2016-05-15T18:07:13Z;793
603259.159411339;6764971.1912618;61.0060910136;-139.090275038;2099.530029;2016-05-15T18:15:15Z;794
603262.168849577;6764910.76581276;61.0055480339;-139.0902519878;2105.23877;2016-05-15T18:17:27Z;795
603266.745184012;6764850.26462964;61.0050039645;-139.09020002;2109.057129;2016-05-15T18:19:17Z;796
603271.242087476;6764790.77934207;61.0044690315;-139.0901489742;2115.872559;2016-05-15T18:21:13Z;797
603275.571680383;6764731.27983912;61.0039340146;-139.0901010297;2120.597168;2016-05-15T18:23:12Z;798
603279.84585331;6764670.1066254;61.0033839941;-139.0900550131;2126.191895;2016-05-15T18:24:52Z;799
603285.18795922;6764611.19714691;61.0028540064;-139.0899880417;2131.424072;2016-05-15T18:26:33Z;800
603290.234557489;6764551.38228726;61.002315972;-139.0899270214;2136.375244;2016-05-15T18:28:20Z;801
603295.264923114;6764492.12744109;61.0017829668;-139.0898660012;2141.029541;2016-05-15T18:29:58Z;802
603299.28924399;6764432.06792389;61.0012430046;-139.0898240078;2148.210205;2016-05-15T18:31:37Z;803
603304.66743206;6764371.93580921;61.0007020365;-139.0897570364;2152.521973;2016-05-15T18:33:23Z;804
603309.05327385;6764312.55008444;61.0001680255;-139.0897080023;2156.995117;2016-05-15T18:34:56Z;805
603313.566305858;6764252.38340341;60.9996269736;-139.0896570403;2161.295898;2016-05-15T18:36:32Z;806
603319.475600036;6764192.71518684;60.9990900289;-139.0895800106;2165.491211;2016-05-15T18:38:06Z;807
603323.593039338;6764133.20955381;60.998555012;-139.0895360056;2168.761719;2016-05-15T18:39:47Z;808
603328.170260222;6764072.71781697;60.9980110265;-139.0894840378;2168.145752;2016-05-15T18:41:20Z;809
603331.199324078;6764013.51673011;60.9974790271;-139.0894599818;2165.664307;2016-05-15T18:43:07Z;810
603337.686736904;6763954.41654582;60.9969470277;-139.0893719718;2166.383545;2016-05-15T18:44:45Z;811
603331.621628902;6764282.78376442;60.9998950269;-139.089307012;2161.9646;2016-05-15T19:18:56Z;812
603390.705563752;6764288.73980973;60.9999329969;-139.0882120002;2164.219971;2016-05-15T19:21:06Z;813
603448.170906152;6764305.69104434;61.000070041;-139.0871409606;2165.190186;2016-05-15T19:22:47Z;814
603500.128954776;6764335.06508202;61.0003199894;-139.0861649718;2164.657715;2016-05-15T19:24:27Z;815
603551.367321018;6764364.97935313;61.0005749669;-139.085201975;2166.063232;2016-05-15T19:26:34Z;816
603583.753091786;6764415.85608004;61.0010229796;-139.0845760144;2163.880127;2016-05-15T19:28:10Z;817
603616.317428632;6764466.17788501;61.0014659632;-139.0839470364;2161.409912;2016-05-15T19:29:38Z;818
603633.754481554;6764521.29780173;61.0019559693;-139.0835949965;2158.062012;2016-05-15T19:31:08Z;819
603633.419104592;6764580.80188098;61.0024899803;-139.0835690126;2154.986572;2016-05-15T19:33:55Z;820
603629.931382206;6764640.77419153;61.0030290205;-139.0836010315;2149.763672;2016-05-15T19:35:14Z;821
603596.877200324;6764690.51196351;61.0034839902;-139.0841849986;2143.108154;2016-05-15T19:36:47Z;822
603564.726173401;6764740.72481375;61.0039429832;-139.0847520344;2136.433105;2016-05-15T19:38:10Z;823
603527.13501393;6764786.54722188;61.0043640062;-139.0854219999;2129.941162;2016-05-15T19:39:47Z;824
603477.244722336;6764819.96952058;61.0046769865;-139.0863259882;2124.150879;2016-05-15T19:41:31Z;825
603426.917788488;6764851.60487474;61.0049740411;-139.0872390289;2119.004395;2016-05-15T19:43:23Z;826
603376.237880363;6764884.33288481;61.0052809864;-139.0881580208;2113.868896;2016-05-15T19:44:48Z;827
603326.420850146;6764917.20820424;61.0055890214;-139.0890610032;2108.681396;2016-05-15T19:46:23Z;828
603274.967390987;6764948.69130387;61.0058849864;-139.0899949986;2103.820312;2016-05-15T19:48:02Z;829
603215.923785475;6764941.72908114;61.0058379639;-139.0910900105;2100.966309;2016-05-15T19:49:39Z;830
603154.827049585;6764934.71737423;61.0057910252;-139.0922229923;2097.946777;2016-05-15T19:51:49Z;831
603100.45135667;6764919.75679781;61.0056709964;-139.0932360291;2095.014648;2016-05-15T19:54:18Z;832
603059.138868272;6764876.20050327;61.0052909609;-139.094023006;2095.063965;2016-05-15T19:55:49Z;833
603016.940299557;6764833.29152633;61.0049169604;-139.0948259924;2094.781006;2016-05-15T19:57:27Z;834
602978.917305272;6764788.05710706;61.0045209993;-139.0955530386;2095.305664;2016-05-15T19:59:02Z;835
602955.686314394;6764732.88434882;61.004031999;-139.0960120317;2096.014404;2016-05-15T20:00:33Z;836
602930.647859001;6764678.54665844;61.0035509616;-139.0965039656;2093.29541;2016-05-15T20:02:45Z;837
602909.336595545;6764624.21474204;61.0030690022;-139.0969270002;2092.187012;2016-05-15T20:05:24Z;838
602932.137159906;6764567.70866086;61.0025560297;-139.0965359844;2094.686035;2016-05-15T20:07:30Z;839
602954.451784865;6764512.96342409;61.0020589828;-139.0961530153;2096.633057;2016-05-15T20:09:29Z;840
602976.806861976;6764457.00511302;61.0015510395;-139.0957699623;2099.937012;2016-05-15T20:11:38Z;841
603012.730111291;6764410.68013186;61.0011259932;-139.0951310098;2106.791992;2016-05-15T20:13:32Z;842
603055.363858734;6764366.34428659;61.0007170402;-139.0943669993;2115.933838;2016-05-15T20:15:39Z;843
603103.12282951;6764333.7413595;61.0004120227;-139.0935019869;2124.552734;2016-05-15T20:17:36Z;844
603158.820394863;6764310.95447505;61.0001930036;-139.0924850106;2136.687988;2016-05-15T20:20:09Z;845
603213.733295757;6764287.25814441;60.9999660216;-139.0914830379;2145.775391;2016-05-15T20:22:02Z;846
603272.36158474;6764277.26261838;60.9998609964;-139.0904050414;2150.874023;2016-05-15T20:23:52Z;847
599954.580381653;6754710.19499576;60.9148669895;-139.1566899698;2331.750488;2016-05-08T21:52:15Z;CAMP2
601705.428911542;6753226.53084159;60.9011080116;-139.1252040211;2531.486084;2016-05-09T17:35:45Z;G02HM9MAY2016
603261.917981867;6764637.26273656;61.0030939803;-139.0904040355;2127.02124;2016-05-14T23:04:54Z;G13REALLOWERSP
606336.863280801;6761736.39818977;60.9762490075;-139.0351869911;2516.508301;2016-05-13T18:14:34Z;G13REALSNOWPIT
595909.786689637;6740682.6315698;60.78998602;-139.2381850351;2288.38501;2016-05-05T04:55:11Z;GL4CAMP
