X;Y;field3;Sdb;WP;DonjekDEM
595983.777;6740519.75;4;0.1;4.1;2249
595989.623;6740527.82;4;0.2;4.2;2256
595995.509;6740535.94;4;0.3;4.3;2256
595964.905;6740493.71;5;0.1;5.1;2249
595970.775;6740501.81;5;0.2;5.2;2249
595976.645;6740509.91;5;0.3;5.3;2249
595949.658;6740470.05;6;0.1;6.1;2243
595954.813;6740478.6;6;0.2;6.2;2243
595959.035;6740485.6;6;0.3;6.3;2247
595934.353;6740445.64;7;0.1;7.1;2243
595939.747;6740454.06;7;0.2;7.2;2243
595944.489;6740461.47;7;0.3;7.3;2243
595917.298;6740419.86;8;0.1;8.1;2244
595922.887;6740428.17;8;0.2;8.2;2238
595928.459;6740436.46;8;0.3;8.3;2238
595901.221;6740394.86;9;0.1;9.1;2240
595906.545;6740403.33;9;0.2;9.2;2244
595911.727;6740411.56;9;0.3;9.3;2244
595882.912;6740369.34;10;0.1;10.1;2240
595888.956;6740377.28;10;0.2;10.2;2240
595895.02;6740385.24;10;0.3;10.3;2240
595866.281;6740344.47;11;0.1;11.1;2247
595871.573;6740352.94;11;0.2;11.2;2247
595876.848;6740361.38;11;0.3;11.3;2247
595849.276;6740319.21;12;0.1;12.1;2241
595854.994;6740327.41;12;0.2;12.2;2247
595860.712;6740335.61;12;0.3;12.3;2247
595831.699;6740294.76;13;0.1;13.1;2244
595837.584;6740302.82;13;0.2;13.2;2244
595843.487;6740310.91;13;0.3;13.3;2241
595814.465;6740269.88;14;0.1;14.1;2241
595820.071;6740278.19;14;0.2;14.2;2241
595825.661;6740286.48;14;0.3;14.3;2244
595799.504;6740245.86;15;0.1;15.1;2243
595804.611;6740254.44;15;0.2;15.2;2241
595808.876;6740261.6;15;0.3;15.3;2241
595781.976;6740220.13;16;0.1;16.1;2244
595787.832;6740228.21;16;0.2;16.2;2244
595793.706;6740236.32;16;0.3;16.3;2244
595767.04;6740196.05;17;0.1;17.1;2243
595771.984;6740204.76;17;0.2;17.2;2244
595776.101;6740212.02;17;0.3;17.3;2244
595752.148;6740169.4;18;0.1;18.1;2247
595757.01;6740178.16;18;0.2;18.2;2247
595761.858;6740186.9;18;0.3;18.3;2243
595734.089;6740143.55;19;0.1;19.1;2246
595740.201;6740151.47;19;0.2;19.2;2246
595746.314;6740159.39;19;0.3;19.3;2246
595716.497;6740120.97;20;0.1;20.1;2252
595722.66;6740128.84;20;0.2;20.2;2246
595727.976;6740135.63;20;0.3;20.3;2246
596017.994;6739949.56;21;0.1;21.1;2199
596012.508;6739941.15;21;0.2;21.2;2199
596007.063;6739932.8;21;0.3;21.3;2199
596034.615;6739975.05;22;0.1;22.1;2202
596029.152;6739966.67;22;0.2;22.2;2202
596023.689;6739958.29;22;0.3;22.3;2199
596051.476;6739999.85;23;0.1;23.1;2199
596045.777;6739991.64;23;0.2;23.2;2199
596040.078;6739983.43;23;0.3;23.3;2199
596068.284;6740024.51;24;0.1;24.1;2204
596062.696;6740016.24;24;0.2;24.2;2204
596057.175;6740008.07;24;0.3;24.3;2204
596084.93;6740050.12;25;0.1;25.1;2205
596079.541;6740041.67;25;0.2;25.2;2206
596074.168;6740033.25;25;0.3;25.3;2204
596100.303;6740076.51;26;0.1;26.1;2205
596095.436;6740067.77;26;0.2;26.2;2205
596090.57;6740059.03;26;0.3;26.3;2205
596115.25;6740101.83;27;0.1;27.1;2207
596110.064;6740093.3;27;0.2;27.2;2207
596105.169;6740085.25;27;0.3;27.3;2207
596132.142;6740127.37;28;0.1;28.1;2206
596126.462;6740119.12;28;0.2;28.2;2204
596120.799;6740110.9;28;0.3;28.3;2204
596147.456;6740153;29;0.1;29.1;2206
596142.594;6740144.23;29;0.2;29.2;2206
596137.805;6740135.6;29;0.3;29.3;2206
596162.038;6740179.83;30;0.1;30.1;2206
596157.301;6740171.02;30;0.2;30.2;2208
596152.564;6740162.22;30;0.3;30.3;2208
596177.958;6740204.45;31;0.1;31.1;2207
596172.188;6740196.3;31;0.2;31.2;2206
596166.775;6740188.64;31;0.3;31.3;2206
596195.656;6740229.55;32;0.1;32.1;2207
596189.886;6740221.36;32;0.2;32.2;2207
596184.134;6740213.19;32;0.3;32.3;2207
596212.126;6740254.47;33;0.1;33.1;2203
596206.726;6740246.03;33;0.2;33.2;2203
596201.407;6740237.71;33;0.3;33.3;2203
596227.958;6740280.06;34;0.1;34.1;2203
596222.757;6740271.51;34;0.2;34.2;2203
596217.557;6740262.96;34;0.3;34.3;2203
596243.437;6740305.15;35;0.1;35.1;2202
596238.158;6740296.65;35;0.2;35.2;2203
596233.159;6740288.6;35;0.3;35.3;2203
596259.746;6740328.57;36;0.1;36.1;2206
596253.798;6740320.53;36;0.2;36.2;2206
596248.716;6740313.65;36;0.3;36.3;2202
596338.769;6740248.89;37;0.1;37.1;2191
596332.328;6740256.62;37;0.2;37.2;2191
596325.967;6740264.26;37;0.3;37.3;2191
596364.61;6740199.47;38;0.1;38.1;2182
596360.386;6740208.53;38;0.2;38.2;2179
596356.163;6740217.59;38;0.3;38.3;2189
596389.689;6740143.26;39;0.1;39.1;2184
596385.628;6740152.44;39;0.2;39.2;2184
596381.591;6740161.57;39;0.3;39.3;2182
596415.78;6740086.54;40;0.1;40.1;2178
596411.574;6740095.61;40;0.2;40.2;2178
596407.368;6740104.69;40;0.3;40.3;2178
596441.448;6740036.23;41;0.1;41.1;2169
596436.827;6740045.11;41;0.2;41.2;2177
596432.205;6740053.98;41;0.3;41.3;2177
596467.736;6739982.03;42;0.1;42.1;2167
596463.418;6739991.06;42;0.2;42.2;2167
596459.127;6740000.04;42;0.3;42.3;2169
596492.062;6739928.51;43;0.1;43.1;2161
596487.959;6739937.63;43;0.2;43.2;2161
596483.856;6739946.76;43;0.3;43.3;2161
596519.488;6739872.47;44;0.1;44.1;2156
596515.04;6739881.42;44;0.2;44.2;2158
596510.592;6739890.36;44;0.3;44.3;2158
596546.228;6739820.53;45;0.1;45.1;2151
596541.624;6739829.41;45;0.2;45.2;2151
596537.02;6739838.29;45;0.3;45.3;2151
596572.422;6739766.67;46;0.1;46.1;2142
596568.114;6739775.64;46;0.2;46.2;2142
596563.781;6739784.67;46;0.3;46.3;2142
596599.803;6739712.58;47;0.1;47.1;2147
596595.244;6739721.5;47;0.2;47.2;2141
596590.711;6739730.36;47;0.3;47.3;2141
596625.758;6739659.87;48;0.1;48.1;2148
596621.371;6739668.85;48;0.2;48.2;2148
596616.983;6739677.83;48;0.3;48.3;2148
596706.063;6739693.32;49;0.1;49.1;2135
596697.336;6739688.44;49;0.2;49.2;2135
596688.609;6739683.56;49;0.3;49.3;2135
596733.236;6739753.15;50;0.1;50.1;2127
596730.054;6739743.67;50;0.2;50.2;2127
596726.871;6739734.19;50;0.3;50.3;2127
596758.343;6739806.12;51;0.1;51.1;2128
596753.847;6739797.21;51;0.2;51.2;2127
596749.325;6739788.23;51;0.3;51.3;2127
596783.157;6739860.61;52;0.1;52.1;2126
596779.079;6739851.46;52;0.2;52.2;2126
596775.025;6739842.37;52;0.3;52.3;2126
596805.082;6739916.18;53;0.1;53.1;2123
596801.478;6739906.8;53;0.2;53.2;2123
596797.896;6739897.49;53;0.3;53.3;2129
596826.839;6739972.26;54;0.1;54.1;2122
596823.217;6739962.94;54;0.2;54.2;2122
596819.595;6739953.62;54;0.3;54.3;2122
596846.891;6740026.1;55;0.1;55.1;2116
596843.426;6740016.71;55;0.2;55.2;2116
596839.96;6740007.32;55;0.3;55.3;2120
596861.111;6740070.99;56;0.1;56.1;2117
596858.214;6740061.43;56;0.2;56.2;2117
596855.317;6740051.87;56;0.3;56.3;2117
596782.289;6740061.01;57;0.1;57.1;2130
596792.08;6740063.35;57;0.2;57.2;2130
596801.78;6740065.67;57;0.3;57.3;2123
596725.17;6740043.76;58;0.1;58.1;2140
596734.745;6740046.78;58;0.2;58.2;2140
596744.263;6740049.77;58;0.3;58.3;2140
596668.137;6740031.16;59;0.1;59.1;2144
596677.95;6740033.15;59;0.2;59.2;2144
596687.705;6740035.12;59;0.3;59.3;2137
596608.747;6740013.73;60;0.1;60.1;2151
596618.331;6740016.72;60;0.2;60.2;2151
596627.856;6740019.69;60;0.3;60.3;2151
596549.513;6740002.35;61;0.1;61.1;2159
596559.407;6740004.02;61;0.2;61.2;2159
596569.242;6740005.69;61;0.3;61.3;2157
596492.252;6739986.42;62;0.1;62.1;2162
596501.84;6739989.31;62;0.2;62.2;2162
596511.371;6739992.17;62;0.3;62.3;2162
596433.283;6739975.24;63;0.1;63.1;2172
596443.183;6739976.9;63;0.2;63.2;2167
596453.023;6739978.56;63;0.3;63.3;2167
596375.683;6739959.48;64;0.1;64.1;2171
596385.269;6739962.31;64;0.2;64.2;2175
596394.855;6739965.14;64;0.3;64.3;2175
596317.23;6739946.52;65;0.1;65.1;2179
596326.98;6739948.54;65;0.2;65.2;2179
596336.788;6739950.58;65;0.3;65.3;2179
596256.297;6739930.93;66;0.1;66.1;2184
596265.974;6739933.5;66;0.2;66.2;2184
596275.59;6739936.05;66;0.3;66.3;2184
596202.986;6739915.04;67;0.1;67.1;2183
596212.523;6739917.95;67;0.2;67.2;2183
596222.113;6739920.88;67;0.3;67.3;2183
596142.854;6739900.67;68;0.1;68.1;2194
596152.576;6739902.87;68;0.2;68.2;2194
596162.358;6739905.08;68;0.3;68.3;2191
596092.529;6739882.96;69;0.1;69.1;2194
596101.866;6739886.53;69;0.2;69.2;2194
596111.202;6739890.1;69;0.3;69.3;2194
596026.699;6739869.52;70;0.1;70.1;2217
596036.59;6739871.25;70;0.2;70.2;2217
596046.415;6739872.97;70;0.3;70.3;2203
595478.802;6740751.34;72;0.1;72.1;2309
595488.211;6740747.94;72;0.2;72.2;2306
595497.621;6740744.54;72;0.3;72.3;2306
595446.624;6740762.97;73;0.1;73.1;2312
595456.028;6740759.57;73;0.2;73.2;2309
595465.431;6740756.17;73;0.3;73.3;2309
595394.004;6740787.44;74;0.1;74.1;2320
595402.992;6740783.06;74;0.2;74.2;2315
595411.98;6740778.68;74;0.3;74.3;2315
595338.694;6740811.8;75;0.1;75.1;2326
595347.914;6740807.82;75;0.2;75.2;2326
595357.079;6740803.87;75;0.3;75.3;2326
595284.728;6740836.22;76;0.1;76.1;2328
595293.796;6740832.08;76;0.2;76.2;2328
595302.919;6740827.91;76;0.3;76.3;2328
595229.916;6740860.91;77;0.1;77.1;2340
595239.075;6740856.79;77;0.2;77.2;2340
595248.181;6740852.7;77;0.3;77.3;2336
595175.097;6740885.04;78;0.1;78.1;2346
595184.218;6740881.04;78;0.2;78.2;2346
595193.393;6740877.02;78;0.3;78.3;2345
595121.32;6740910.3;79;0.1;79.1;2352
595130.337;6740906.01;79;0.2;79.2;2352
595139.408;6740901.69;79;0.3;79.3;2352
595064.99;6740936.24;80;0.1;80.1;2360
595074.08;6740932.08;80;0.2;80.2;2360
595083.17;6740927.92;80;0.3;80.3;2358
595010.464;6740959.28;81;0.1;81.1;2365
595019.661;6740955.46;81;0.2;81.2;2365
595028.912;6740951.61;81;0.3;81.3;2365
594983.207;6740970.75;82;0.1;82.1;2371
594992.414;6740966.85;82;0.2;82.2;2371
595001.213;6740963.12;82;0.3;82.3;2367
594988.639;6740979.5;83;0.1;83.1;2371
594979.145;6740976.36;83;0.2;83.2;2371
594974;6740974.66;83;0.3;83.3;2371
595039.105;6741008.68;84;0.1;84.1;2367
595030.693;6741003.34;84;0.2;84.2;2367
595022.231;6740997.96;84;0.3;84.3;2367
595086.273;6741043.84;85;0.1;85.1;2369
595078.383;6741037.77;85;0.2;85.2;2364
595070.445;6741031.66;85;0.3;85.3;2364
595132.918;6741079.64;86;0.1;86.1;2362
595124.981;6741073.55;86;0.2;86.2;2362
595117.043;6741067.47;86;0.3;86.3;2369
595182.446;6741115.66;87;0.1;87.1;2367
595174.337;6741109.82;87;0.2;87.2;2367
595166.228;6741103.99;87;0.3;87.3;2367
595231.132;6741148.96;88;0.1;88.1;2367
595222.821;6741143.33;88;0.2;88.2;2367
595214.559;6741137.74;88;0.3;88.3;2367
595280.689;6741185.34;89;0.1;89.1;2368
595272.647;6741179.35;89;0.2;89.2;2369
595264.655;6741173.39;89;0.3;89.3;2369
595328.86;6741220.28;90;0.1;90.1;2367
595320.738;6741214.42;90;0.2;90.2;2367
595312.663;6741208.6;90;0.3;90.3;2369
595379.379;6741252.04;91;0.1;91.1;2379
595370.819;6741246.81;91;0.2;91.2;2379
595362.309;6741241.61;91;0.3;91.3;2379
595433.465;6741290.57;92;0.1;92.1;2385
595425.359;6741284.64;92;0.2;92.2;2385
595417.307;6741278.75;92;0.3;92.3;2375
595445.978;6741257.73;93;0.1;93.1;2374
595444.833;6741267.67;93;0.2;93.2;2374
595443.689;6741277.6;93;0.3;93.3;2374
595453.782;6741198.66;94;0.1;94.1;2363
595452.443;6741208.53;94;0.2;94.2;2364
595451.097;6741218.47;94;0.3;94.3;2364
595460.929;6741139.47;95;0.1;95.1;2350
595459.763;6741149.37;95;0.2;95.2;2350
595458.59;6741159.33;95;0.3;95.3;2350
595470.365;6741079.16;96;0.1;96.1;2344
595468.752;6741088.99;96;0.2;96.2;2345
595467.129;6741098.88;96;0.3;96.3;2345
595476.595;6741020.52;97;0.1;97.1;2346
595475.651;6741030.5;97;0.2;97.2;2346
595474.713;6741040.43;97;0.3;97.3;2344
595480.649;6740961.7;98;0.1;98.1;2341
595480.01;6740971.71;98;0.2;98.2;2341
595479.376;6740981.67;98;0.3;98.3;2345
595485.234;6740900.99;99;0.1;99.1;2323
595484.458;6740910.96;99;0.2;99.2;2323
595483.682;6740920.93;99;0.3;99.3;2328
595491.208;6740840.99;100;0.1;100.1;2313
595490.178;6740850.9;100;0.2;100.2;2313
595489.143;6740860.87;100;0.3;100.3;2313
595499.264;6740782.08;101;0.1;101.1;2309
595497.844;6740791.97;101;0.2;101.2;2309
595496.425;6740801.86;101;0.3;101.3;2308
595506.237;6740722.34;102;0.1;102.1;2306
595505.13;6740732.27;102;0.2;102.2;2306
595504.023;6740742.2;102;0.3;102.3;2306
595513.047;6740662.33;103;0.1;103.1;2300
595511.912;6740672.29;103;0.2;103.2;2300
595510.783;6740682.2;103;0.3;103.3;2302
595520.397;6740603.03;104;0.1;104.1;2294
595519.148;6740612.94;104;0.2;104.2;2299
595517.899;6740622.85;104;0.3;104.3;2299
595526.552;6740543.59;105;0.1;105.1;2292
595525.567;6740553.53;105;0.2;105.2;2292
595524.576;6740563.53;105;0.3;105.3;2294
595533.913;6740483.84;106;0.1;106.1;2284
595532.642;6740493.76;106;0.2;106.2;2284
595531.372;6740503.69;106;0.3;106.3;2284
595541.635;6740423.32;107;0.1;107.1;2280
595540.375;6740433.2;107;0.2;107.2;2280
595539.108;6740443.13;107;0.3;107.3;2281
595549.598;6740362.46;108;0.1;108.1;2275
595548.292;6740372.39;108;0.2;108.2;2275
595546.995;6740382.26;108;0.3;108.3;2275
595552.233;6740304.51;109;0.1;109.1;2277
595551.956;6740314.49;109;0.2;109.2;2277
595551.68;6740324.48;109;0.3;109.3;2277
595557.351;6740244.32;110;0.1;110.1;2280
595556.388;6740254.31;110;0.2;110.2;2280
595555.43;6740264.24;110;0.3;110.3;2280
595578.491;6740239.52;111;0.1;111.1;2273
595568.804;6740237.06;111;0.2;111.2;2273
595559.116;6740234.59;111;0.3;111.3;2283
595621.994;6740278.71;112;0.1;112.1;2266
595615.247;6740271.38;112;0.2;112.2;2266
595608.459;6740264.01;112;0.3;112.3;2266
595662.117;6740323.49;113;0.1;113.1;2261
595655.434;6740315.99;113;0.2;113.2;2260
595648.791;6740308.54;113;0.3;113.3;2260
595703.308;6740367.27;114;0.1;114.1;2263
595696.424;6740360.03;114;0.2;114.2;2263
595689.539;6740352.79;114;0.3;114.3;2255
595742.899;6740410.71;115;0.1;115.1;2264
595736.192;6740403.29;115;0.2;115.2;2264
595729.485;6740395.87;115;0.3;115.3;2256
595782.71;6740458.19;116;0.1;116.1;2263
595776.311;6740450.45;116;0.2;116.2;2263
595769.95;6740442.75;116;0.3;116.3;2263
595824.79;6740500.81;117;0.1;117.1;2271
595817.663;6740493.84;117;0.2;117.2;2271
595810.494;6740486.83;117;0.3;117.3;2271
595865.471;6740545.33;118;0.1;118.1;2269
595858.833;6740537.9;118;0.2;118.2;2269
595852.155;6740530.42;118;0.3;118.3;2269
595875.378;6740563.57;119;0.1;119.1;2275
595872.504;6740553.98;119;0.2;119.2;2269
595872.15;6740552.8;119;0.3;119.3;2269
595833.681;6740591.89;120;0.1;120.1;2281
595842.885;6740588.02;120;0.2;120.2;2275
595852.143;6740584.12;120;0.3;120.3;2275
595777.517;6740616.6;121;0.1;121.1;2285
595786.617;6740612.57;121;0.2;121.2;2285
595795.774;6740608.5;121;0.3;121.3;2285
595723.538;6740641.44;122;0.1;122.1;2288
595732.6;6740637.24;122;0.2;122.2;2283
595741.715;6740633.01;122;0.3;122.3;2283
595668.456;6740667.4;123;0.1;123.1;2290
595677.495;6740663.13;123;0.2;123.2;2290
595686.533;6740658.85;123;0.3;123.3;2289
595614.524;6740690.73;124;0.1;124.1;2296
595623.731;6740686.82;124;0.2;124.2;2296
595632.937;6740682.92;124;0.3;124.3;2296
595557.377;6740714.27;125;0.1;125.1;2297
595566.599;6740710.49;125;0.2;125.2;2297
595575.878;6740706.69;125;0.3;125.3;2297
595529.736;6740726.52;126;0.1;126.1;2303
595538.807;6740722.35;126;0.2;126.2;2303
595547.906;6740718.16;126;0.3;126.3;2297
595308.081;6740566.16;127;0.1;127.1;2311
595315.408;6740559.42;127;0.2;127.2;2309
595322.775;6740552.63;127;0.3;127.3;2307
595264.891;6740605.93;128;0.1;128.1;2318
595272.237;6740599.17;128;0.2;128.2;2315
595279.626;6740592.37;128;0.3;128.3;2315
595230.633;6740656.27;129;0.1;129.1;2323
595235.88;6740647.77;129;0.2;129.2;2323
595241.16;6740639.22;129;0.3;129.3;2318
595199.347;6740707.32;130;0.1;130.1;2331
595204.573;6740698.78;130;0.2;130.2;2324
595209.769;6740690.29;130;0.3;130.3;2324
595171.147;6740758.8;131;0.1;131.1;2334
595175.858;6740749.99;131;0.2;131.2;2334
595180.597;6740741.14;131;0.3;131.3;2334
595179.637;6740816.43;132;0.1;132.1;2344
595177.025;6740806.77;132;0.2;132.2;2344
595174.414;6740797.11;132;0.3;132.3;2338
595195.809;6740873.96;133;0.1;133.1;2345
595193.087;6740864.35;133;0.2;133.2;2345
595190.349;6740854.68;133;0.3;133.3;2345
595229.054;6740920.73;134;0.1;134.1;2347
595222.706;6740913;134;0.2;134.2;2342
595216.357;6740905.27;134;0.3;134.3;2342
595273.736;6740962.49;135;0.1;135.1;2347
595266.262;6740955.85;135;0.2;135.2;2344
595258.788;6740949.22;135;0.3;135.3;2344
595319.589;6741003.16;136;0.1;136.1;2342
595312.106;6740996.53;136;0.2;136.2;2340
595304.623;6740989.89;136;0.3;136.3;2340
595361.12;6741042.01;137;0.1;137.1;2350
595353.88;6741035.16;137;0.2;137.2;2343
595346.599;6741028.28;137;0.3;137.3;2343
595416.818;6741039.16;138;0.1;138.1;2348
595406.972;6741041.14;138;0.2;138.2;2349
595397.183;6741043.11;138;0.3;138.3;2350
595476.402;6741027.26;139;0.1;139.1;2346
595466.562;6741029.22;139;0.2;139.2;2346
595456.782;6741031.17;139;0.3;139.3;2346
595534.87;6741014.36;140;0.1;140.1;2339
595525.156;6741016.54;140;0.2;140.2;2339
595515.383;6741018.74;140;0.3;140.3;2337
595576.143;6740984.07;141;0.1;141.1;2334
595568.658;6740990.74;141;0.2;141.2;2334
595561.211;6740997.38;141;0.3;141.3;2334
595616.572;6740939.89;142;0.1;142.1;2319
595609.992;6740947.38;142;0.2;142.2;2319
595603.371;6740954.91;142;0.3;142.3;2319
595657.2;6740892.28;143;0.1;143.1;2308
595650.755;6740899.88;143;0.2;143.2;2308
595644.27;6740907.52;143;0.3;143.3;2308
595694.828;6740848.34;144;0.1;144.1;2298
595688.343;6740855.9;144;0.2;144.2;2298
595681.821;6740863.5;144;0.3;144.3;2298
595713.054;6740791.31;145;0.1;145.1;2292
595710.742;6740801.08;145;0.2;145.2;2295
595708.443;6740810.79;145;0.3;145.3;2295
595728.569;6740734.28;146;0.1;146.1;2291
595725.878;6740743.92;146;0.2;146.2;2291
595723.187;6740753.55;146;0.3;146.3;2291
595740.535;6740676.13;147;0.1;147.1;2288
595738.66;6740685.94;147;0.2;147.2;2291
595736.774;6740695.81;147;0.3;147.3;2291
595733.832;6740617.38;148;0.1;148.1;2283
595735.565;6740627.26;148;0.2;148.2;2283
595737.286;6740637.09;148;0.3;148.3;2283
595722.813;6740558.82;149;0.1;149.1;2275
595724.681;6740568.61;149;0.2;149.2;2283
595726.561;6740578.47;149;0.3;149.3;2283
595689.039;6740511.46;150;0.1;150.1;2275
595695.495;6740519.05;150;0.2;150.2;2275
595701.989;6740526.69;150;0.3;150.3;2278
595649.068;6740466.5;151;0.1;151.1;2269
595655.739;6740473.93;151;0.2;151.2;2269
595662.41;6740481.37;151;0.3;151.3;2273
595598.884;6740446.76;152;0.1;152.1;2278
595608.512;6740449.48;152;0.2;152.2;2274
595618.14;6740452.2;152;0.3;152.3;2274
595538.968;6740446.04;153;0.1;153.1;2281
595548.929;6740445.64;153;0.2;153.2;2281
595558.95;6740445.24;153;0.3;153.3;2281
595479.906;6740449.11;154;0.1;154.1;2287
595489.892;6740448.57;154;0.2;154.2;2284
595499.877;6740448.02;154;0.3;154.3;2284
595429.768;6740478.7;155;0.1;155.1;2291
595437.837;6740472.87;155;0.2;155.2;2291
595445.955;6740466.99;155;0.3;155.3;2287
595380.297;6740512.74;156;0.1;156.1;2296
595388.588;6740507.09;156;0.2;156.2;2296
595396.828;6740501.48;156;0.3;156.3;2296
595332.841;6740549.55;157;0.1;157.1;2307
595340.656;6740543.33;157;0.2;157.2;2307
595348.518;6740537.08;157;0.3;157.3;2307
596236.318;6740051.18;159;0.1;159.1;2194
596239.241;6740060.82;159;0.2;159.2;2194
596242.124;6740070.33;159;0.3;159.3;2194
596218.835;6739993.52;160;0.1;160.1;2187
596221.727;6740003.06;160;0.2;160.2;2192
596224.637;6740012.65;160;0.3;160.3;2192
596211.363;6739934.58;161;0.1;161.1;2183
596212.28;6739944.5;161;0.2;161.2;2183
596213.202;6739954.47;161;0.3;161.3;2183
596207.434;6739874.01;162;0.1;162.1;2182
596208.025;6739883.96;162;0.2;162.2;2183
596208.62;6739893.97;162;0.3;162.3;2183
596228.119;6739819.43;163;0.1;163.1;2182
596223.817;6739828.44;163;0.2;163.2;2182
596219.489;6739837.5;163;0.3;163.3;2182
596255.996;6739765.84;164;0.1;164.1;2180
596251.304;6739774.71;164;0.2;164.2;2180
596246.639;6739783.53;164;0.3;164.3;2180
596300.468;6739732.3;165;0.1;165.1;2178
596292.003;6739737.56;165;0.2;165.2;2178
596283.491;6739742.84;165;0.3;165.3;2178
596356.584;6739708.25;166;0.1;166.1;2179
596347.246;6739711.93;166;0.2;166.2;2179
596337.964;6739715.59;166;0.3;166.3;2179
596413.988;6739694.31;167;0.1;167.1;2167
596404.248;6739696.39;167;0.2;167.2;2167
596394.45;6739698.48;167;0.3;167.3;2173
596475.147;6739689.78;168;0.1;168.1;2162
596465.194;6739690.25;168;0.2;168.2;2162
596455.18;6739690.73;168;0.3;168.3;2162
596531.848;6739698.77;169;0.1;169.1;2152
596522.013;6739696.78;169;0.2;169.2;2152
596512.235;6739694.79;169;0.3;169.3;2158
596581.897;6739732.33;170;0.1;170.1;2141
596573.997;6739726.14;170;0.2;170.2;2141
596566.145;6739719.98;170;0.3;170.3;2147
596629.351;6739769.2;171;0.1;171.1;2140
596621.459;6739763.08;171;0.2;171.2;2140
596613.52;6739756.92;171;0.3;171.3;2139
596660.642;6739814.09;172;0.1;172.1;2139
596655.493;6739805.56;172;0.2;172.2;2139
596650.315;6739796.98;172;0.3;172.3;2138
596674.698;6739870.87;173;0.1;173.1;2137
596672.88;6739861;173;0.2;173.2;2137
596671.072;6739851.19;173;0.3;173.3;2137
596683.526;6739930.31;174;0.1;174.1;2137
596682.127;6739920.42;174;0.2;174.2;2137
596680.72;6739910.47;174;0.3;174.3;2133
596675.45;6739988.79;175;0.1;175.1;2143
596677.366;6739978.96;175;0.2;175.2;2143
596679.281;6739969.14;175;0.3;175.3;2143
596648.473;6740039.21;176;0.1;176.1;2144
596653.722;6740030.71;176;0.2;176.2;2144
596658.971;6740022.21;176;0.3;176.3;2144
596605.458;6740082;177;0.1;177.1;2152
596612.831;6740075.31;177;0.2;177.2;2151
596620.248;6740068.57;177;0.3;177.3;2151
596554.204;6740110.02;178;0.1;178.1;2162
596563.193;6740105.65;178;0.2;178.2;2154
596572.183;6740101.29;178;0.3;178.3;2154
596503.003;6740139.04;179;0.1;179.1;2168
596511.609;6740134.02;179;0.2;179.2;2168
596520.265;6740128.96;179;0.3;179.3;2162
596449.974;6740147.72;180;0.1;180.1;2170
596459.979;6740146.91;180;0.2;180.2;2170
596469.931;6740146.09;180;0.3;180.3;2170
596388.706;6740147.89;181;0.1;181.1;2184
596398.711;6740148.02;181;0.2;181.2;2184
596408.717;6740148.15;181;0.3;181.3;2178
596330.441;6740150.81;182;0.1;182.1;2189
596340.407;6740150.18;182;0.2;182.2;2189
596350.432;6740149.55;182;0.3;182.3;2189
596287.227;6740122;183;0.1;183.1;2195
596294.692;6740128.61;183;0.2;183.2;2195
596302.198;6740135.26;183;0.3;183.3;2195
596253.915;6740072.8;184;0.1;184.1;2194
596259.095;6740081.34;184;0.2;184.2;2198
596264.306;6740089.93;184;0.3;184.3;2198
595738.282;6740393.04;185;0.1;185.1;2256
595730.635;6740399.46;185;0.2;185.2;2256
595722.947;6740405.92;185;0.3;185.3;2264
595808.584;6740333.99;186;0.1;186.1;2247
595800.911;6740340.44;186;0.2;186.2;2247
595793.308;6740346.82;186;0.3;186.3;2249
595875.097;6740275.46;187;0.1;187.1;2238
595867.593;6740282.1;187;0.2;187.2;2241
595860.155;6740288.69;187;0.3;187.3;2241
595947.717;6740223.27;188;0.1;188.1;2225
595939.569;6740228.97;188;0.2;188.2;2225
595931.346;6740234.72;188;0.3;188.3;2225
596029.41;6740181.77;189;0.1;189.1;2220
596020.412;6740186.15;189;0.2;189.2;2220
596011.414;6740190.52;189;0.3;189.3;2220
596109.737;6740144.32;190;0.1;190.1;2210
596100.721;6740148.5;190;0.2;190.2;2210
596091.623;6740152.72;190;0.3;190.3;2210
596190.28;6740103.4;191;0.1;191.1;2203
596181.43;6740107.94;191;0.2;191.2;2203
596172.499;6740112.53;191;0.3;191.3;2203
596270.417;6740064.51;192;0.1;192.1;2194
596261.426;6740068.84;192;0.2;192.2;2194
596252.355;6740073.21;192;0.3;192.3;2194
596353.092;6740026.28;193;0.1;193.1;2182
596344.057;6740030.43;193;0.2;193.2;2182
596334.94;6740034.63;193;0.3;193.3;2182
596434.488;6739989.3;194;0.1;194.1;2172
596425.361;6739993.44;194;0.2;194.2;2172
596416.316;6739997.54;194;0.3;194.3;2172
596517.177;6739952.24;195;0.1;195.1;2161
596507.992;6739956.35;195;0.2;195.2;2161
596498.89;6739960.42;195;0.3;195.3;2162
596597.543;6739913.78;196;0.1;196.1;2149
596588.545;6739918.12;196;0.2;196.2;2149
596579.546;6739922.46;196;0.3;196.3;2151
596679.457;6739875.31;197;0.1;197.1;2137
596670.353;6739879.57;197;0.2;197.2;2137
596661.331;6739883.8;197;0.3;197.3;2139
596761.241;6739838.1;198;0.1;198.1;2122
596752.145;6739842.22;198;0.2;198.2;2130
596743.05;6739846.35;198;0.3;198.3;2130
596842.494;6739800.07;199;0.1;199.1;2109
596833.393;6739804.35;199;0.2;199.2;2116
596824.373;6739808.58;199;0.3;199.3;2116
596925.152;6739762.23;200;0.1;200.1;2113
596916.04;6739766.39;200;0.2;200.2;2110
596907.012;6739770.51;200;0.3;200.3;2110
597013.506;6739759.72;201;0.1;201.1;2093
597003.5;6739759.52;201;0.2;201.2;2093
596993.494;6739759.31;201;0.3;201.3;2094
597102.535;6739764.26;202;0.1;202.1;2083
597092.556;6739763.71;202;0.2;202.2;2083
597082.578;6739763.17;202;0.3;202.3;2083
597194.847;6739769.53;203;0.1;203.1;2066
597184.867;6739768.96;203;0.2;203.2;2066
597174.887;6739768.38;203;0.3;203.3;2066
597283.904;6739774.23;204;0.1;204.1;2056
597273.919;6739773.71;204;0.2;204.2;2061
597263.934;6739773.19;204;0.3;204.3;2061
597374.28;6739778.23;205;0.1;205.1;2044
597364.242;6739777.8;205;0.2;205.2;2044
597354.295;6739777.37;205;0.3;205.3;2050
597463.789;6739784.2;206;0.1;206.1;2031
597453.754;6739783.5;206;0.2;206.2;2031
597443.809;6739782.81;206;0.3;206.3;2031
597551.663;6739787.51;207;0.1;207.1;2015
597541.713;6739787.18;207;0.2;207.2;2015
597531.674;6739786.84;207;0.3;207.3;2015
595692.879;6740438.43;208;0.1;208.1;2264
595699.806;6740431.22;208;0.2;208.2;2264
595706.733;6740424.02;208;0.3;208.3;2264
595630.93;6740502.83;209;0.1;209.1;2278
595637.878;6740495.6;209;0.2;209.2;2278
595644.763;6740488.45;209;0.3;209.3;2273
595569.568;6740570.54;210;0.1;210.1;2291
595576.294;6740563.06;210;0.2;210.2;2291
595582.958;6740555.65;210;0.3;210.3;2288
595508.778;6740636.06;211;0.1;211.1;2299
595515.551;6740628.78;211;0.2;211.2;2299
595522.386;6740621.45;211;0.3;211.3;2294
595447.087;6740701.47;212;0.1;212.1;2307
595453.944;6740694.21;212;0.2;212.2;2307
595460.801;6740686.95;212;0.3;212.3;2307
595387.881;6740769.03;213;0.1;213.1;2320
595394.425;6740761.49;213;0.2;213.2;2320
595401.027;6740753.89;213;0.3;213.3;2310
595323.831;6740832.39;214;0.1;214.1;2326
595331.019;6740825.41;214;0.2;214.2;2326
595338.143;6740818.49;214;0.3;214.3;2326
595262.558;6740899.2;215;0.1;215.1;2337
595269.25;6740891.8;215;0.2;215.2;2337
595276.003;6740884.33;215;0.3;215.3;2337
595199.224;6740964.2;216;0.1;216.1;2355
595206.233;6740957.08;216;0.2;216.2;2347
595213.241;6740949.95;216;0.3;216.3;2347
595171.641;6741047.27;217;0.1;217.1;2359
595174.242;6741037.67;217;0.2;217.2;2360
595176.866;6741027.99;217;0.3;217.3;2360
595152.394;6741134.58;218;0.1;218.1;2371
595154.474;6741124.86;218;0.2;218.2;2371
595156.573;6741115.06;218;0.3;218.3;2370
595127.964;6741223.2;219;0.1;219.1;2372
595130.674;6741213.64;219;0.2;219.2;2372
595133.409;6741203.98;219;0.3;219.3;2372
595142.717;6741291.03;220;0.1;220.1;2387
595139.843;6741281.47;220;0.2;220.2;2387
595136.949;6741271.84;220;0.3;220.3;2378
595178.091;6741345.77;221;0.1;221.1;2396
595172.259;6741337.66;221;0.2;221.2;2396
595166.388;6741329.5;221;0.3;221.3;2396
599740.337;6754759.93;223;0.1;223.1;2329
599734.211;6754767.82;223;0.2;223.2;2320
599728.045;6754775.76;223;0.3;223.3;2320
599776.405;6754713.49;224;0.1;224.1;2339
599770.265;6754721.4;224;0.2;224.2;2331
599764.161;6754729.26;224;0.3;224.3;2331
599811.424;6754666.02;225;0.1;225.1;2341
599805.509;6754674.13;225;0.2;225.2;2341
599799.629;6754682.18;225;0.3;225.3;2339
599847.613;6754617.61;226;0.1;226.1;2350
599841.617;6754625.59;226;0.2;226.2;2350
599835.584;6754633.63;226;0.3;226.3;2341
599882.588;6754568.53;227;0.1;227.1;2353
599876.848;6754576.67;227;0.2;227.2;2351
599871.073;6754584.86;227;0.3;227.3;2351
599918.408;6754519.69;228;0.1;228.1;2351
599912.464;6754527.73;228;0.2;228.2;2350
599906.52;6754535.77;228;0.3;228.3;2350
599952.933;6754471.53;229;0.1;229.1;2357
599947.148;6754479.65;229;0.2;229.2;2357
599941.329;6754487.82;229;0.3;229.3;2354
599987.999;6754422.97;230;0.1;230.1;2363
599982.128;6754431.08;230;0.2;230.2;2363
599976.258;6754439.19;230;0.3;230.3;2363
600023.292;6754374.16;231;0.1;231.1;2366
600017.428;6754382.27;231;0.2;231.2;2366
600011.565;6754390.38;231;0.3;231.3;2366
600058.668;6754325.1;232;0.1;232.1;2368
600052.829;6754333.2;232;0.2;232.2;2368
600046.955;6754341.35;232;0.3;232.3;2368
600093.67;6754276.43;233;0.1;233.1;2371
600087.852;6754284.52;233;0.2;233.2;2370
600081.998;6754292.67;233;0.3;233.3;2370
600128.642;6754228.13;234;0.1;234.1;2375
600122.79;6754236.2;234;0.2;234.2;2375
600116.904;6754244.32;234;0.3;234.3;2371
600164.084;6754179.17;235;0.1;235.1;2383
600158.201;6754187.3;235;0.2;235.2;2375
600152.354;6754195.38;235;0.3;235.3;2375
600198.912;6754131.45;236;0.1;236.1;2377
600193.011;6754139.52;236;0.2;236.2;2377
600187.11;6754147.59;236;0.3;236.3;2377
600234.246;6754082.58;237;0.1;237.1;2385
600228.416;6754090.66;237;0.2;237.2;2385
600222.551;6754098.79;237;0.3;237.3;2385
600269.142;6754034.29;238;0.1;238.1;2391
600263.308;6754042.36;238;0.2;238.2;2387
600257.439;6754050.48;238;0.3;238.3;2387
600482.816;6753938.4;240;0.1;240.1;2419
600476.679;6753930.47;240;0.2;240.2;2413
600470.574;6753922.58;240;0.3;240.3;2413
600508.182;6753993.4;241;0.1;241.1;2419
600504.399;6753984.15;241;0.2;241.2;2419
600500.616;6753974.9;241;0.3;241.3;2419
600531;6754048.77;242;0.1;242.1;2413
600527.18;6754039.51;242;0.2;242.2;2417
600523.381;6754030.31;242;0.3;242.3;2417
600553.295;6754103.88;243;0.1;243.1;2416
600549.56;6754094.61;243;0.2;243.2;2416
600545.825;6754085.34;243;0.3;243.3;2416
600575.876;6754160.44;244;0.1;244.1;2412
600572.175;6754151.15;244;0.2;244.2;2414
600568.473;6754141.86;244;0.3;244.3;2414
600598.349;6754216.35;245;0.1;245.1;2411
600594.631;6754207.12;245;0.2;245.2;2411
600590.89;6754197.82;245;0.3;245.3;2412
600620.378;6754271.68;246;0.1;246.1;2412
600616.681;6754262.37;246;0.2;246.2;2412
600613.005;6754253.12;246;0.3;246.3;2412
600643.232;6754326.67;247;0.1;247.1;2411
600639.382;6754317.49;247;0.2;247.2;2411
600635.509;6754308.25;247;0.3;247.3;2411
600587.025;6754469.76;249;0.1;249.1;2407
600596.767;6754472.21;249;0.2;249.2;2407
600606.45;6754474.64;249;0.3;249.3;2409
600527.666;6754459.23;250;0.1;250.1;2407
600537.506;6754460.84;250;0.2;250.2;2407
600547.406;6754462.45;250;0.3;250.3;2407
600468.76;6754448.71;251;0.1;251.1;2399
600478.597;6754450.5;251;0.2;251.2;2399
600488.433;6754452.29;251;0.3;251.3;2402
600410.55;6754438.89;252;0.1;252.1;2397
600420.458;6754440.54;252;0.2;252.2;2397
600430.307;6754442.17;252;0.3;252.3;2397
600351.172;6754428.61;253;0.1;253.1;2391
600360.983;6754430.33;253;0.2;253.2;2397
600370.853;6754432.05;253;0.3;253.3;2397
600292.663;6754418.28;254;0.1;254.1;2389
600302.496;6754420.02;254;0.2;254.2;2389
600312.388;6754421.78;254;0.3;254.3;2389
600233.571;6754408.47;255;0.1;255.1;2385
600243.399;6754410.08;255;0.2;255.2;2387
600253.286;6754411.7;255;0.3;255.3;2387
600174.809;6754398.43;256;0.1;256.1;2380
600184.631;6754400.12;256;0.2;256.2;2381
600194.512;6754401.82;256;0.3;256.3;2381
600114.36;6754388.03;257;0.1;257.1;2371
600124.219;6754389.73;257;0.2;257.2;2374
600134.079;6754391.42;257;0.3;257.3;2374
600055.348;6754377.71;258;0.1;258.1;2369
600065.155;6754379.43;258;0.2;258.2;2369
600075.02;6754381.16;258;0.3;258.3;2369
599996.559;6754367.74;259;0.1;259.1;2357
600006.39;6754369.39;259;0.2;259.2;2366
600016.281;6754371.06;259;0.3;259.3;2366
599938.75;6754358.73;260;0.1;260.1;2354
599948.646;6754360.24;260;0.2;260.2;2352
599958.484;6754361.75;260;0.3;260.3;2352
599878.882;6754347.14;261;0.1;261.1;2342
599888.697;6754349.12;261;0.2;261.2;2347
599898.452;6754351.08;261;0.3;261.3;2347
599818.439;6754336.93;262;0.1;262.1;2336
599828.311;6754338.53;262;0.2;262.2;2336
599838.182;6754340.14;262;0.3;262.3;2336
599759.449;6754327.09;263;0.1;263.1;2328
599769.308;6754328.74;263;0.2;263.2;2331
599779.167;6754330.39;263;0.3;263.3;2331
599702.496;6754316.35;264;0.1;264.1;2335
599712.347;6754318.25;264;0.2;264.2;2335
599722.142;6754320.14;264;0.3;264.3;2328
599641.79;6754306.14;265;0.1;265.1;2335
599651.644;6754307.75;265;0.2;265.2;2335
599661.558;6754309.37;265;0.3;265.3;2335
599584.018;6754295.04;266;0.1;266.1;2330
599593.786;6754296.98;266;0.2;266.2;2330
599603.613;6754298.92;266;0.3;266.3;2335
599528.985;6754355.63;267;0.1;267.1;2326
599534.814;6754347.57;267;0.2;267.2;2326
599540.695;6754339.43;267;0.3;267.3;2326
599543.323;6754409.01;268;0.1;268.1;2319
599539.259;6754399.92;268;0.2;268.2;2320
599535.172;6754390.77;268;0.3;268.3;2320
599568.55;6754467.75;269;0.1;269.1;2317
599564.613;6754458.51;269;0.2;269.2;2317
599560.701;6754449.34;269;0.3;269.3;2317
599589.634;6754519.72;270;0.1;270.1;2317
599585.911;6754510.44;270;0.2;270.2;2317
599582.188;6754501.16;270;0.3;270.3;2317
599613.563;6754576;271;0.1;271.1;2319
599609.599;6754566.78;271;0.2;271.2;2319
599605.659;6754557.61;271;0.3;271.3;2319
599636.871;6754630.91;272;0.1;272.1;2318
599632.96;6754621.67;272;0.2;272.2;2318
599629.072;6754612.49;272;0.3;272.3;2318
599660.962;6754686;273;0.1;273.1;2324
599656.936;6754676.85;273;0.2;273.2;2323
599652.91;6754667.7;273;0.3;273.3;2323
599684.033;6754740.17;274;0.1;274.1;2321
599680.15;6754730.99;274;0.2;274.2;2321
599676.245;6754721.76;274;0.3;274.3;2319
599707.891;6754795.16;275;0.1;275.1;2318
599703.91;6754786.03;275;0.2;275.2;2318
599699.905;6754776.84;275;0.3;275.3;2318
599841.599;6754609.71;276;0.1;276.1;2350
599849.607;6754615.7;276;0.2;276.2;2350
599857.615;6754621.7;276;0.3;276.3;2350
599794.292;6754574.28;277;0.1;277.1;2339
599802.294;6754580.27;277;0.2;277.2;2344
599810.296;6754586.26;277;0.3;277.3;2344
599758.003;6754527.73;278;0.1;278.1;2334
599763.721;6754535.93;278;0.2;278.2;2338
599769.44;6754544.13;278;0.3;278.3;2338
599733.591;6754472.91;279;0.1;279.1;2328
599737.316;6754482.2;279;0.2;279.2;2334
599741.041;6754491.49;279;0.3;279.3;2334
599730.383;6754416.57;280;0.1;280.1;2329
599730.273;6754426.56;280;0.2;280.2;2329
599730.163;6754436.55;280;0.3;280.3;2329
599741.027;6754357.29;281;0.1;281.1;2328
599738.93;6754367.1;281;0.2;281.2;2328
599736.846;6754376.85;281;0.3;281.3;2328
599756.077;6754299.36;282;0.1;282.1;2333
599753.475;6754309.03;282;0.2;282.2;2333
599750.888;6754318.64;282;0.3;282.3;2333
599773.462;6754241.78;283;0.1;283.1;2338
599770.516;6754251.33;283;0.2;283.2;2338
599767.57;6754260.87;283;0.3;283.3;2338
599796.982;6754191.19;284;0.1;284.1;2345
599792.515;6754200.1;284;0.2;284.2;2341
599788.024;6754209.06;284;0.3;284.3;2341
599849.283;6754165.53;285;0.1;285.1;2351
599839.881;6754168.81;285;0.2;285.2;2347
599830.423;6754172.12;285;0.3;285.3;2347
599906.13;6754144.48;286;0.1;286.1;2354
599896.755;6754147.99;286;0.2;286.2;2354
599887.436;6754151.48;286;0.3;286.3;2354
599958.617;6754116.88;287;0.1;287.1;2362
599949.849;6754121.78;287;0.2;287.2;2360
599941.134;6754126.65;287;0.3;287.3;2360
600010.818;6754086.44;288;0.1;288.1;2366
600002.163;6754091.53;288;0.2;288.2;2366
599993.56;6754096.59;288;0.3;288.3;2366
600064.431;6754061.81;289;0.1;289.1;2373
600055.267;6754065.79;289;0.2;289.2;2373
600046.102;6754069.78;289;0.3;289.3;2373
600122.001;6754048.82;290;0.1;290.1;2377
600112.203;6754050.64;290;0.2;290.2;2374
600102.347;6754052.48;290;0.3;290.3;2374
600181.473;6754037.22;291;0.1;291.1;2383
600171.656;6754039.15;291;0.2;291.2;2383
600161.84;6754041.08;291;0.3;291.3;2382
600240.668;6754038.63;292;0.1;292.1;2391
600230.685;6754037.95;292;0.2;292.2;2386
600220.702;6754037.28;292;0.3;292.3;2386
600300.511;6754046.1;293;0.1;293.1;2390
600290.634;6754044.75;293;0.2;293.2;2390
600280.698;6754043.4;293;0.3;293.3;2390
600354.279;6754067.05;294;0.1;294.1;2395
600345.162;6754062.97;294;0.2;294.2;2395
600335.993;6754058.87;294;0.3;294.3;2395
600405.377;6754098.7;295;0.1;295.1;2403
600397.011;6754093.2;295;0.2;295.2;2399
600388.645;6754087.71;295;0.3;295.3;2399
600450.589;6754135.81;296;0.1;296.1;2409
600443.024;6754129.32;296;0.2;296.2;2409
600435.414;6754122.79;296;0.3;296.3;2409
600476.698;6754188.95;297;0.1;297.1;2405
600473.011;6754179.66;297;0.2;297.2;2405
600469.325;6754170.37;297;0.3;297.3;2405
600497.126;6754244.88;298;0.1;298.1;2405
600493.761;6754235.5;298;0.2;298.2;2406
600490.377;6754226.08;298;0.3;298.3;2406
600508.969;6754303.46;299;0.1;299.1;2407
600507.271;6754293.59;299;0.2;299.2;2407
600505.583;6754283.79;299;0.3;299.3;2407
600519.504;6754362.98;300;0.1;300.1;2404
600517.745;6754353.1;300;0.2;300.2;2403
600515.997;6754343.27;300;0.3;300.3;2403
600507.875;6754420.68;301;0.1;301.1;2401
600510.576;6754411.01;301;0.2;301.2;2401
600513.262;6754401.4;301;0.3;301.3;2401
600485.361;6754471.54;302;0.1;302.1;2402
600489.69;6754462.53;302;0.2;302.2;2402
600494.042;6754453.48;302;0.3;302.3;2402
600435.885;6754502.77;303;0.1;303.1;2395
600444.828;6754498.37;303;0.2;303.2;2396
600453.825;6754493.94;303;0.3;303.3;2396
600383.477;6754529.65;304;0.1;304.1;2394
600392.326;6754525.07;304;0.2;304.2;2394
600401.228;6754520.47;304;0.3;304.3;2394
600328.082;6754553.97;305;0.1;305.1;2391
600337.28;6754550.07;305;0.2;305.2;2391
600346.478;6754546.17;305;0.3;305.3;2391
600271.628;6754575.89;306;0.1;306.1;2382
600280.977;6754572.32;306;0.2;306.2;2386
600290.326;6754568.76;306;0.3;306.3;2386
600215.109;6754596.42;307;0.1;307.1;2380
600224.509;6754593.04;307;0.2;307.2;2380
600233.909;6754589.66;307;0.3;307.3;2380
600161.55;6754615.46;308;0.1;308.1;2376
600170.94;6754612.13;308;0.2;308.2;2376
600180.383;6754608.78;308;0.3;308.3;2376
600104.504;6754633.79;309;0.1;309.1;2370
600114.002;6754630.8;309;0.2;309.2;2370
600123.556;6754627.8;309;0.3;309.3;2372
600046.512;6754645.63;310;0.1;310.1;2367
600056.316;6754643.84;310;0.2;310.2;2367
600066.179;6754642.05;310;0.3;310.3;2367
599986.889;6754640.64;311;0.1;311.1;2359
599996.805;6754641.99;311;0.2;311.2;2359
600006.721;6754643.34;311;0.3;311.3;2363
599926.75;6754630.32;312;0.1;312.1;2359
599936.554;6754632.07;312;0.2;312.2;2359
599946.418;6754633.83;312;0.3;312.3;2359
599869.228;6754615.54;313;0.1;313.1;2350
599878.863;6754618.17;313;0.2;313.2;2350
599888.555;6754620.82;313;0.3;313.3;2354
601033.067;6753853.64;314;0.1;314.1;2461
601041.155;6753847.76;314;0.2;314.2;2464
601049.243;6753841.88;314;0.3;314.3;2464
600984.5;6753888.94;315;0.1;315.1;2458
600992.615;6753883.04;315;0.2;315.2;2458
601000.682;6753877.17;315;0.3;315.3;2461
600936.018;6753923.72;316;0.1;316.1;2450
600944.179;6753917.88;316;0.2;316.2;2454
600952.291;6753912.07;316;0.3;316.3;2454
600887.205;6753958.85;317;0.1;317.1;2447
600895.316;6753953.01;317;0.2;317.2;2447
600903.427;6753947.16;317;0.3;317.3;2447
600838.935;6753994.09;318;0.1;318.1;2437
600846.996;6753988.19;318;0.2;318.2;2441
600855.105;6753982.26;318;0.3;318.3;2441
600789.677;6754029.25;319;0.1;319.1;2434
600797.828;6754023.46;319;0.2;319.2;2434
600805.978;6754017.67;319;0.3;319.3;2440
600741.13;6754064.93;320;0.1;320.1;2430
600749.18;6754058.97;320;0.2;320.2;2430
600757.182;6754053.05;320;0.3;320.3;2430
600687.831;6754094.28;321;0.1;321.1;2425
600696.718;6754089.69;321;0.2;321.2;2425
600705.605;6754085.09;321;0.3;321.3;2425
600633.498;6754116.55;322;0.1;322.1;2419
600642.818;6754112.93;322;0.2;322.2;2422
600652.137;6754109.3;322;0.3;322.3;2422
600577.741;6754138.53;323;0.1;323.1;2414
600587.007;6754134.87;323;0.2;323.2;2414
600596.328;6754131.19;323;0.3;323.3;2414
600522.722;6754160.56;324;0.1;324.1;2411
600531.971;6754156.85;324;0.2;324.2;2410
600541.276;6754153.11;324;0.3;324.3;2410
600466.735;6754182.95;325;0.1;325.1;2405
600475.981;6754179.26;325;0.2;325.2;2405
600485.284;6754175.54;325;0.3;325.3;2407
600410.377;6754205.44;326;0.1;326.1;2399
600419.63;6754201.75;326;0.2;326.2;2399
600428.939;6754198.04;326;0.3;326.3;2402
600355.758;6754226.92;327;0.1;327.1;2394
600365.104;6754223.25;327;0.2;327.2;2397
600374.396;6754219.61;327;0.3;327.3;2397
600299.916;6754249.32;328;0.1;328.1;2389
600309.193;6754245.58;328;0.2;328.2;2389
600318.469;6754241.84;328;0.3;328.3;2389
600244.085;6754270.87;329;0.1;329.1;2388
600253.43;6754267.29;329;0.2;329.2;2388
600262.774;6754263.72;329;0.3;329.3;2388
600187.688;6754293.21;330;0.1;330.1;2381
600196.941;6754289.52;330;0.2;330.2;2381
600206.25;6754285.81;330;0.3;330.3;2386
600131.261;6754315.9;331;0.1;331.1;2376
600140.572;6754312.15;331;0.2;331.2;2376
600149.826;6754308.42;331;0.3;331.3;2376
600074.79;6754337.83;332;0.1;332.1;2368
600084.131;6754334.23;332;0.2;332.2;2373
600093.416;6754330.65;332;0.3;332.3;2373
600019.405;6754360.37;333;0.1;333.1;2366
600028.647;6754356.57;333;0.2;333.2;2365
600037.889;6754352.77;333;0.3;333.3;2365
599966.304;6754381.51;334;0.1;334.1;2357
599975.566;6754377.85;334;0.2;334.2;2357
599984.881;6754374.17;334;0.3;334.3;2357
599907.569;6754404.54;335;0.1;335.1;2351
599916.912;6754400.88;335;0.2;335.2;2351
599926.197;6754397.25;335;0.3;335.3;2352
599853.66;6754426.38;336;0.1;336.1;2343
599862.887;6754422.62;336;0.2;336.2;2343
599872.168;6754418.83;336;0.3;336.3;2343
599798.243;6754449.29;337;0.1;337.1;2329
599807.448;6754445.48;337;0.2;337.2;2334
599816.708;6754441.64;337;0.3;337.3;2334
599740.893;6754469.76;338;0.1;338.1;2328
599750.338;6754466.49;338;0.2;338.2;2328
599759.783;6754463.23;338;0.3;338.3;2328
599684.457;6754492.57;339;0.1;339.1;2325
599693.686;6754488.73;339;0.2;339.2;2325
599702.916;6754484.89;339;0.3;339.3;2325
599629.22;6754514.59;340;0.1;340.1;2320
599638.521;6754510.91;340;0.2;340.2;2320
599647.822;6754507.24;340;0.3;340.3;2323
599574.818;6754536.97;341;0.1;341.1;2317
599584.067;6754533.13;341;0.2;341.2;2317
599593.261;6754529.32;341;0.3;341.3;2317
599517.875;6754559.34;342;0.1;342.1;2312
599527.231;6754555.7;342;0.2;342.2;2312
599536.531;6754552.09;342;0.3;342.3;2312
599464.316;6754580.02;343;0.1;343.1;2302
599473.651;6754576.42;343;0.2;343.2;2302
599482.986;6754572.82;343;0.3;343.3;2305
601338.417;6754136.42;344;0.1;344.1;2466
601343.902;6754144.84;344;0.2;344.2;2466
601349.348;6754153.2;344;0.3;344.3;2466
601294.264;6754068.61;345;0.1;345.1;2468
601299.743;6754077.02;345;0.2;345.2;2468
601305.178;6754085.37;345;0.3;345.3;2465
601245.765;6754001.54;346;0.1;346.1;2468
601251.65;6754009.57;346;0.2;346.2;2468
601257.585;6754017.66;346;0.3;346.3;2468
601198.9;6753935.02;347;0.1;347.1;2468
601204.647;6753943.22;347;0.2;347.2;2469
601210.347;6753951.36;347;0.3;347.3;2469
601144.963;6753869.07;348;0.1;348.1;2468
601151.41;6753876.8;348;0.2;348.2;2468
601157.802;6753884.46;348;0.3;348.3;2467
601091.642;6753805.81;349;0.1;349.1;2469
601098.056;6753813.41;349;0.2;349.2;2469
601104.523;6753821.07;349;0.3;349.3;2469
601037.282;6753742.21;350;0.1;350.1;2467
601043.813;6753749.84;350;0.2;350.2;2469
601050.29;6753757.4;350;0.3;350.3;2469
600979.296;6753681.44;351;0.1;351.1;2467
600986.262;6753688.63;351;0.2;351.2;2467
600993.227;6753695.83;351;0.3;351.3;2467
600921.847;6753614.96;352;0.1;352.1;2461
600928.293;6753622.53;352;0.2;352.2;2461
600934.796;6753630.17;352;0.3;352.3;2461
600870.583;6753555.09;353;0.1;353.1;2460
600877.102;6753562.7;353;0.2;353.2;2453
600883.57;6753570.24;353;0.3;353.3;2457
600814.99;6753504.01;354;0.1;354.1;2465
600822.518;6753510.68;354;0.2;354.2;2465
600829.99;6753517.3;354;0.3;354.3;2465
598800.527;6755262.94;355;0.1;355.1;2198
598794.441;6755270.93;355;0.2;355.2;2198
598788.395;6755278.86;355;0.3;355.3;2198
598835.882;6755216.58;356;0.1;356.1;2202
598829.793;6755224.56;356;0.2;356.2;2202
598823.741;6755232.5;356;0.3;356.3;2202
598872.714;6755168.89;357;0.1;357.1;2204
598866.617;6755176.76;357;0.2;357.2;2204
598860.483;6755184.68;357;0.3;357.3;2204
598909.655;6755128.47;358;0.1;358.1;2216
598902.754;6755135.75;358;0.2;358.2;2216
598895.892;6755142.99;358;0.3;358.3;2216
598952.862;6755103.3;359;0.1;359.1;2218
598943.923;6755107.71;359;0.2;359.2;2218
598934.939;6755112.14;359;0.3;359.3;2218
598994.249;6755086.89;360;0.1;360.1;2226
598984.842;6755090.36;360;0.2;360.2;2226
598975.476;6755093.83;360;0.3;360.3;2226
599049.18;6755057.27;361;0.1;361.1;2240
599040.545;6755062.23;361;0.2;361.2;2240
599031.856;6755067.22;361;0.3;361.3;2230
599094.633;6755029.04;362;0.1;362.1;2244
599086.212;6755034.36;362;0.2;362.2;2244
599077.745;6755039.72;362;0.3;362.3;2240
599154.379;6754986.41;363;0.1;363.1;2250
599146.298;6754992.29;363;0.2;363.2;2250
599138.217;6754998.16;363;0.3;363.3;2250
599213.235;6754941.67;364;0.1;364.1;2261
599205.301;6754947.74;364;0.2;364.2;2261
599197.368;6754953.82;364;0.3;364.3;2257
599267.127;6754893.9;365;0.1;365.1;2268
599259.752;6754900.59;365;0.2;365.2;2268
599252.324;6754907.33;365;0.3;365.3;2268
599320.035;6754842.9;366;0.1;366.1;2273
599312.868;6754849.87;366;0.2;366.2;2271
599305.7;6754856.85;366;0.3;366.3;2271
599374.391;6754790.14;367;0.1;367.1;2283
599367.207;6754797.11;367;0.2;367.2;2283
599360.022;6754804.08;367;0.3;367.3;2280
599428.131;6754735.32;368;0.1;368.1;2291
599421.167;6754742.48;368;0.2;368.2;2291
599414.149;6754749.69;368;0.3;368.3;2291
599478.528;6754680.26;369;0.1;369.1;2298
599471.8;6754687.68;369;0.2;369.2;2298
599465.122;6754695.05;369;0.3;369.3;2298
599529.346;6754626.75;370;0.1;370.1;2310
599522.406;6754634.01;370;0.2;370.2;2310
599515.517;6754641.21;370;0.3;370.3;2303
599341.306;6755077.03;371;0.1;371.1;2260
599349.113;6755083.27;371;0.2;371.2;2257
599323.256;6755062.59;372;0.1;372.1;2260
599331.077;6755068.85;372;0.2;372.2;2260
599299.494;6755047.4;373;0.1;373.1;2254
599308.214;6755052.29;373;0.2;373.2;2254
599268.793;6755029.57;374;0.1;374.1;2258
599277.426;6755034.65;374;0.2;374.2;2258
599242.586;6755012.81;375;0.1;375.1;2258
599250.921;6755018.34;375;0.2;375.2;2258
599217.625;6754996.68;376;0.1;376.1;2254
599226.076;6755002.07;376;0.2;376.2;2251
599192.928;6754979.97;377;0.1;377.1;2253
599201.137;6754985.7;377;0.2;377.2;2254
599168.447;6754964.05;378;0.1;378.1;2253
599176.917;6754969.36;378;0.2;378.2;2253
599089.582;6755051.7;379;0.1;379.1;2245
599095.627;6755043.72;379;0.2;379.2;2245
599092.58;6755074.42;380;0.1;380.1;2245
599087.352;6755065.9;380;0.2;380.2;2245
599108.634;6755103.29;381;0.1;381.1;2238
599103.928;6755094.44;381;0.2;381.2;2238
599116.676;6755129.95;382;0.1;382.1;2235
599114.829;6755120.12;382;0.2;382.2;2235
599116.043;6755158.07;383;0.1;383.1;2235
599117.387;6755148.16;383;0.2;383.2;2235
599111.924;6755189.25;384;0.1;384.1;2230
599113.216;6755179.35;384;0.2;384.2;2230
599107.919;6755217.7;385;0.1;385.1;2226
599109.367;6755207.8;385;0.2;385.2;2226
599103.463;6755246.8;386;0.1;386.1;2222
599105.012;6755236.9;386;0.2;386.2;2226
599095.614;6755275.86;387;0.1;387.1;2222
599098.728;6755266.38;387;0.2;387.2;2222
599079.413;6755299.91;388;0.1;388.1;2217
599086.1;6755292.48;388;0.2;388.2;2215
599057.716;6755321.12;389;0.1;389.1;2210
599065.087;6755314.35;389;0.2;389.2;2217
599035.951;6755343.19;390;0.1;390.1;2208
599042.797;6755335.91;390;0.2;390.2;2210
599015.767;6755364.32;391;0.1;391.1;2201
599022.69;6755357.13;391;0.2;391.2;2208
598994.499;6755386.18;392;0.1;392.1;2198
599001.48;6755379.04;392;0.2;392.2;2201
598972.036;6755407.73;393;0.1;393.1;2192
598979.356;6755400.91;393;0.2;393.2;2192
598950.228;6755428.69;394;0.1;394.1;2190
598957.396;6755421.69;394;0.2;394.2;2190
598930.46;6755447.97;395;0.1;395.1;2187
598937.612;6755441;395;0.2;395.2;2187
598907.701;6755469.91;396;0.1;396.1;2183
598914.913;6755462.99;396;0.2;396.2;2183
598894.002;6755483.32;397;0.1;397.1;2177
598900.49;6755476.83;397;0.2;397.2;2183
598867.309;6755491.54;398;0.1;398.1;2174
598877.298;6755490.95;398;0.2;398.2;2174
598836.9;6755494.26;399;0.1;399.1;2171
598846.867;6755493.21;399;0.2;399.2;2174
598808.443;6755497.46;400;0.1;400.1;2171
598818.358;6755496.3;400;0.2;400.2;2171
598778.073;6755503.26;401;0.1;401.1;2173
598787.832;6755501.04;401;0.2;401.2;2173
598749.248;6755499.98;402;0.1;402.1;2171
598758.838;6755502.74;402;0.2;402.2;2171
598720.201;6755490.14;403;0.1;403.1;2171
598729.583;6755493.55;403;0.2;403.2;2171
598689.622;6755482.39;404;0.1;404.1;2168
598699.416;6755484.39;404;0.2;404.2;2168
598664.706;6755473.43;405;0.1;405.1;2171
598673.794;6755477.61;405;0.2;405.2;2171
598638.2;6755461.91;406;0.1;406.1;2168
598647.402;6755465.79;406;0.2;406.2;2171
598640.211;6755543.2;407;0.1;407.1;2160
598638.905;6755533.3;407;0.2;407.2;2158
598660.343;6755558.71;408;0.1;408.1;2160
598650.76;6755555.86;408;0.2;408.2;2160
598689.603;6755572.13;409;0.1;409.1;2155
598680.791;6755567.4;409;0.2;409.2;2155
598717.95;6755584.41;410;0.1;410.1;2155
598708.645;6755580.81;410;0.2;410.2;2155
598745.792;6755594.67;411;0.1;411.1;2156
598736.399;6755591.29;411;0.2;411.2;2156
598774.503;6755605.11;412;0.1;412.1;2156
598765.117;6755601.67;412;0.2;412.2;2156
598802.458;6755616.43;413;0.1;413.1;2151
598793.257;6755612.52;413;0.2;413.2;2156
598830.589;6755580.97;414;0.1;414.1;2163
598826.258;6755589.98;414;0.2;414.2;2163
598834.289;6755551.05;415;0.1;415.1;2168
598834.591;6755561.04;415;0.2;415.2;2163
598833.521;6755522.05;416;0.1;416.1;2168
598833.767;6755532.07;416;0.2;416.2;2168
598835.226;6755491.69;417;0.1;417.1;2171
598834.276;6755501.62;417;0.2;417.2;2171
598838.658;6755461.12;418;0.1;418.1;2178
598837.467;6755471.03;418;0.2;418.2;2178
598836.009;6755431.3;419;0.1;419.1;2182
598837.911;6755441.14;419;0.2;419.2;2178
598834.801;6755401.97;420;0.1;420.1;2182
598834.448;6755411.99;420;0.2;420.2;2182
598835.208;6755371.69;421;0.1;421.1;2188
598835.181;6755381.67;421;0.2;421.2;2188
598835.546;6755342.82;422;0.1;422.1;2190
598835.382;6755352.82;422;0.2;422.2;2190
598835.004;6755312.72;423;0.1;423.1;2196
598835.355;6755322.7;423;0.2;423.2;2190
598833.881;6755280.92;424;0.1;424.1;2196
598834.235;6755290.91;424;0.2;424.2;2196
598832.709;6755251.12;425;0.1;425.1;2198
598833.122;6755261.11;425;0.2;425.2;2198
598834.327;6755221.31;426;0.1;426.1;2202
598833.31;6755231.24;426;0.2;426.2;2202
598835.076;6755197.05;427;0.1;427.1;2207
598835.266;6755207.05;427;0.2;427.2;2202
598783.77;6755281.47;428;0.1;428.1;2193
598788.523;6755272.69;428;0.2;428.2;2198
598797.897;6755283.33;429;0.1;429.1;2193
598788.527;6755286.77;429;0.2;429.2;2193
598824.394;6755275.82;430;0.1;430.1;2198
598814.65;6755278.14;430;0.2;430.2;2198
598854.803;6755265.07;431;0.1;431.1;2201
598845.536;6755268.85;431;0.2;431.2;2201
598882.982;6755255.92;432;0.1;432.1;2208
598873.383;6755258.65;432;0.2;432.2;2201
598910.729;6755246.33;433;0.1;433.1;2208
598901.381;6755249.86;433;0.2;433.2;2208
598941.603;6755236.86;434;0.1;434.1;2216
598931.963;6755239.52;434;0.2;434.2;2216
598966.876;6755227.84;435;0.1;435.1;2217
598957.625;6755231.6;435;0.2;435.2;2216
598997.226;6755216.97;436;0.1;436.1;2217
598987.744;6755220.17;436;0.2;436.2;2217
599025.293;6755208.04;437;0.1;437.1;2221
599015.719;6755211;437;0.2;437.2;2221
599053.282;6755197.9;438;0.1;438.1;2229
599043.949;6755201.54;438;0.2;438.2;2224
599082.078;6755187.7;439;0.1;439.1;2230
599072.622;6755190.89;439;0.2;439.2;2229
599110.454;6755174.8;440;0.1;440.1;2230
599101.578;6755179.36;440;0.2;440.2;2230
599138.02;6755167.25;441;0.1;441.1;2232
599128.16;6755168.82;441;0.2;441.2;2232
599166.417;6755157.63;442;0.1;442.1;2242
599157.246;6755161.62;442;0.2;442.2;2232
599194.506;6755147.34;443;0.1;443.1;2242
599185.033;6755150.49;443;0.2;443.2;2242
599224.527;6755135.28;444;0.1;444.1;2245
599215.368;6755139.25;444;0.2;444.2;2245
599252.406;6755128.76;445;0.1;445.1;2249
599242.503;6755130.11;445;0.2;445.2;2249
599281.059;6755120.67;446;0.1;446.1;2250
599271.67;6755124.05;446;0.2;446.2;2249
599310.133;6755109.51;447;0.1;447.1;2252
599300.856;6755113.18;447;0.2;447.2;2252
599335.395;6755098.55;448;0.1;448.1;2257
599326.314;6755102.69;448;0.2;448.2;2257
599353.635;6755089.28;449;0.1;449.1;2257
599344.895;6755094.17;449;0.2;449.2;2257
599068.034;6754899;451;0.1;451.1;2246
599076.094;6754904.91;451;0.2;451.2;2246
599042.131;6754882.76;452;0.1;452.1;2246
599050.801;6754887.78;452;0.2;452.2;2246
599015.484;6754866;453;0.1;453.1;2250
599023.853;6754871.46;453;0.2;453.2;2250
598990.465;6754850.98;454;0.1;454.1;2247
598999.132;6754855.95;454;0.2;454.2;2247
598965.382;6754835.21;455;0.1;455.1;2253
598973.739;6754840.7;455;0.2;455.2;2247
598940.994;6754820.12;456;0.1;456.1;2247
598949.588;6754825.26;456;0.2;456.2;2247
598918.119;6754802.72;457;0.1;457.1;2246
598925.72;6754809.24;457;0.2;457.2;2247
598890.646;6754787.5;458;0.1;458.1;2252
598899.807;6754791.51;458;0.2;458.2;2252
598971.391;6754987.14;460;0.1;460.1;2235
598980.855;6754990.43;460;0.2;460.2;2235
598947.395;6754977;461;0.1;461.1;2233
598956.424;6754981.26;461;0.2;461.2;2233
598913.848;6754974.42;462;0.1;462.1;2227
598923.818;6754973.73;462;0.2;462.2;2233
598884.904;6754979.37;463;0.1;463.1;2227
598894.679;6754977.17;463;0.2;463.2;2227
598853.329;6754986.66;464;0.1;464.1;2223
598863.059;6754984.38;464;0.2;464.2;2223
598827.588;6754994.37;465;0.1;465.1;2218
598837.072;6754991.14;465;0.2;465.2;2218
598797.861;6755003.76;466;0.1;466.1;2215
598807.443;6755000.84;466;0.2;466.2;2217
598771.013;6755014.59;467;0.1;467.1;2215
598780.123;6755010.42;467;0.2;467.2;2215
598742.792;6755027.43;468;0.1;468.1;2215
598751.894;6755023.3;468;0.2;468.2;2215
598718.13;6755039.64;469;0.1;469.1;2214
598726.986;6755035.04;469;0.2;469.2;2215
598695.59;6755062.45;470;0.1;470.1;2210
598701.593;6755054.46;470;0.2;470.2;2210
598674.431;6755083.48;471;0.1;471.1;2200
598682.008;6755076.97;471;0.2;471.2;2210
598652.791;6755105.34;472;0.1;472.1;2200
598659.561;6755097.95;472;0.2;472.2;2200
598637.316;6755125.64;473;0.1;473.1;2197
598642.904;6755117.36;473;0.2;473.2;2200
598618.824;6755153.78;474;0.1;474.1;2197
598624.265;6755145.41;474;0.2;474.2;2197
598602.609;6755180.71;475;0.1;475.1;2193
598607.632;6755172.05;475;0.2;475.2;2193
598589.278;6755206.75;476;0.1;476.1;2185
598593.596;6755197.72;476;0.2;476.2;2192
598579.239;6755233.94;477;0.1;477.1;2185
598582.241;6755224.42;477;0.2;477.2;2185
598574.629;6755265.01;478;0.1;478.1;2181
598575.371;6755255.02;478;0.2;478.2;2181
598569.109;6755294.14;479;0.1;479.1;2181
598571.525;6755284.45;479;0.2;479.2;2181
598560.37;6755323.81;480;0.1;480.1;2176
598563.388;6755314.28;480;0.2;480.2;2181
598563.805;6755354.16;481;0.1;481.1;2176
598560.837;6755344.59;481;0.2;481.2;2176
598576.135;6755388.15;482;0.1;482.1;2172
598572.557;6755378.81;482;0.2;482.2;2172
598508.414;6755487.05;483;0.1;483.1;2155
598514.698;6755479.16;483;0.2;483.2;2159
598485.365;6755487.14;484;0.1;484.1;2155
598494.474;6755491.31;484;0.2;484.2;2155
598456.956;6755475.93;485;0.1;485.1;2155
598466.332;6755479.36;485;0.2;485.2;2155
598428.111;6755465.04;486;0.1;486.1;2154
598437.443;6755468.62;486;0.2;486.2;2154
598400.27;6755453.72;487;0.1;487.1;2154
598409.511;6755457.58;487;0.2;487.2;2154
598373.198;6755442.86;488;0.1;488.1;2157
598382.521;6755446.52;488;0.2;488.2;2157
598374.644;6755431.13;489;0.1;489.1;2165
598366.639;6755437.15;489;0.2;489.2;2165
598400.319;6755417.62;490;0.1;490.1;2160
598391.111;6755421.53;490;0.2;490.2;2165
598427.65;6755407.57;491;0.1;491.1;2160
598418.202;6755410.77;491;0.2;491.2;2160
598457.223;6755398.11;492;0.1;492.1;2165
598447.694;6755401.07;492;0.2;492.2;2160
598485.563;6755388.77;493;0.1;493.1;2166
598476.088;6755391.98;493;0.2;493.2;2165
598519.059;6755377.26;494;0.1;494.1;2166
598509.611;6755380.52;494;0.2;494.2;2166
598545.444;6755368.48;495;0.1;495.1;2168
598535.943;6755371.57;495;0.2;495.2;2168
598570.171;6755360.02;496;0.1;496.1;2172
598560.744;6755363.33;496;0.2;496.2;2172
598597.365;6755350.8;497;0.1;497.1;2176
598587.895;6755353.95;497;0.2;497.2;2176
598627.643;6755342.14;498;0.1;498.1;2178
598617.984;6755344.7;498;0.2;498.2;2178
598657.728;6755328.2;499;0.1;499.1;2180
598648.974;6755333.07;499;0.2;499.2;2180
598686.373;6755317.65;500;0.1;500.1;2188
598676.738;6755320.4;500;0.2;500.2;2180
598713.75;6755282.92;501;0.1;501.1;2188
598708.883;6755291.68;501;0.2;501.2;2188
598745.96;6755245.31;502;0.1;502.1;2194
598739.101;6755252.55;502;0.2;502.2;2194
598791.008;6755212.57;503;0.1;503.1;2202
598782.679;6755218.13;503;0.2;503.2;2202
598826.136;6755175.11;504;0.1;504.1;2207
598819.685;6755182.79;504;0.2;504.2;2207
598834.514;6755160.43;505;0.1;505.1;2207
598832.553;6755167.48;505;0.2;505.2;2207
598836.446;6755131.09;506;0.1;506.1;2209
598836.827;6755141.1;506;0.2;506.2;2209
598836.02;6755102.57;507;0.1;507.1;2214
598836.045;6755112.57;507;0.2;507.2;2214
598837.007;6755071.96;508;0.1;508.1;2217
598836.517;6755081.95;508;0.2;508.2;2214
598836.638;6755042.85;509;0.1;509.1;2217
598837.086;6755052.82;509;0.2;509.2;2217
598836.054;6755010.96;510;0.1;510.1;2217
598836.115;6755020.98;510;0.2;510.2;2217
598836.339;6754982.11;511;0.1;511.1;2218
598836.155;6754992.11;511;0.2;511.2;2218
598836.062;6754952.47;512;0.1;512.1;2227
598836.296;6754962.47;512;0.2;512.2;2218
598836.153;6754921.62;513;0.1;513.1;2227
598835.997;6754931.59;513;0.2;513.2;2227
598837.978;6754891.01;514;0.1;514.1;2233
598837.172;6754900.96;514;0.2;514.2;2233
598838.143;6754861.81;515;0.1;515.1;2238
598838.478;6754871.78;515;0.2;515.2;2238
598839.521;6754831.87;516;0.1;516.1;2244
598838.665;6754841.84;516;0.2;516.2;2238
598859.281;6754808.32;517;0.1;517.1;2244
598851.141;6754814.17;517;0.2;517.2;2244
598880.615;6754792.74;518;0.1;518.1;2252
598872.568;6754798.67;518;0.2;518.2;2248
599111.723;6754559.4;519;0.1;519.1;2281
599104.836;6754552.15;519;0.2;519.2;2281
599151.43;6754601.2;520;0.1;520.1;2283
599144.516;6754593.92;520;0.2;520.2;2288
599203.781;6754640.18;521;0.1;521.1;2281
599195.61;6754634.48;521;0.2;521.2;2284
599241.427;6754685.26;522;0.1;522.1;2280
599235.436;6754677.25;522;0.2;522.2;2281
599285.626;6754726.34;523;0.1;523.1;2278
599278.067;6754719.8;523;0.2;523.2;2280
599325.123;6754768.33;524;0.1;524.1;2277
599318.434;6754760.91;524;0.2;524.2;2274
599369.03;6754812.04;525;0.1;525.1;2280
599361.88;6754805.07;525;0.2;525.2;2280
599412.743;6754854.22;526;0.1;526.1;2275
599405.518;6754847.26;526;0.2;526.2;2275
599457.397;6754894.61;527;0.1;527.1;2282
599449.929;6754887.94;527;0.2;527.2;2282
599500.118;6754935.01;528;0.1;528.1;2283
599492.888;6754928.09;528;0.2;528.2;2283
604116.412;6763321.44;530;0.1;530.1;2248
604115.887;6763331.44;530;0.2;530.2;2248
604115.366;6763341.38;530;0.3;530.3;2248
604129.648;6763262.17;531;0.1;531.1;2253
604127.151;6763271.85;531;0.2;531.2;2253
604124.654;6763281.53;531;0.3;531.3;2252
604145.062;6763204.24;532;0.1;532.1;2256
604142.485;6763213.87;532;0.2;532.2;2256
604139.892;6763223.55;532;0.3;532.3;2256
604166.642;6763149.03;533;0.1;533.1;2265
604162.781;6763158.29;533;0.2;533.2;2265
604158.942;6763167.49;533;0.3;533.3;2260
604197.813;6763098.13;534;0.1;534.1;2271
604192.326;6763106.5;534;0.2;534.2;2271
604186.84;6763114.87;534;0.3;534.3;2271
604230.986;6763047.73;535;0.1;535.1;2274
604225.502;6763056.05;535;0.2;535.2;2274
604219.984;6763064.43;535;0.3;535.3;2274
604267.503;6763004.46;536;0.1;536.1;2281
604260.836;6763011.96;536;0.2;536.2;2281
604254.207;6763019.43;536;0.3;536.3;2281
604322.391;6762984.22;537;0.1;537.1;2285
604312.762;6762986.77;537;0.2;537.2;2286
604303.076;6762989.33;537;0.3;537.3;2286
604381.278;6762969.99;538;0.1;538.1;2286
604371.544;6762972.29;538;0.2;538.2;2286
604361.81;6762974.6;538;0.3;538.3;2286
604440.028;6762964.95;539;0.1;539.1;2285
604430.047;6762965.51;539;0.2;539.2;2287
604420.067;6762966.06;539;0.3;539.3;2287
604499.168;6762969.56;540;0.1;540.1;2280
604489.229;6762968.51;540;0.2;540.2;2280
604479.291;6762967.47;540;0.3;540.3;2285
604558.508;6762975.12;541;0.1;541.1;2277
604548.58;6762974.21;541;0.2;541.2;2277
604538.593;6762973.3;541;0.3;541.3;2277
604608.978;6763001.18;542;0.1;542.1;2278
604600.45;6762995.89;542;0.2;542.2;2279
604591.971;6762990.62;542;0.3;542.3;2278
604653.892;6763041.48;543;0.1;543.1;2284
604646.684;6763034.55;543;0.2;543.2;2281
604639.475;6763027.62;543;0.3;543.3;2278
604695.989;6763082.37;544;0.1;544.1;2285
604688.793;6763075.36;544;0.2;544.2;2287
604681.638;6763068.4;544;0.3;544.3;2287
604745.24;6763120.03;545;0.1;545.1;2282
604737.152;6763114.13;545;0.2;545.2;2286
604729.065;6763108.23;545;0.3;545.3;2286
604794.026;6763153.52;546;0.1;546.1;2285
604785.739;6763147.9;546;0.2;546.2;2285
604777.502;6763142.32;546;0.3;546.3;2285
604842.488;6763187.86;547;0.1;547.1;2282
604834.317;6763182.02;547;0.2;547.2;2282
604826.195;6763176.21;547;0.3;547.3;2282
604877.032;6763230.63;548;0.1;548.1;2281
604871.225;6763222.51;548;0.2;548.2;2281
604865.385;6763214.34;548;0.3;548.3;2281
604890.446;6763288.23;549;0.1;549.1;2277
604888.921;6763278.31;549;0.2;549.2;2277
604887.405;6763268.45;549;0.3;549.3;2277
604898.843;6763346.72;550;0.1;550.1;2274
604897.442;6763336.82;550;0.2;550.2;2274
604896.041;6763326.92;550;0.3;550.3;2274
604895.774;6763403.56;551;0.1;551.1;2266
604896.723;6763393.59;551;0.2;551.2;2269
604897.667;6763383.68;551;0.3;551.3;2269
604866.91;6763455.35;552;0.1;552.1;2271
604872.44;6763447.07;552;0.2;552.2;2271
604878.002;6763438.73;552;0.3;552.3;2272
604835.071;6763505.04;553;0.1;553.1;2269
604840.453;6763496.57;553;0.2;553.2;2267
604845.803;6763488.15;553;0.3;553.3;2267
604801.503;6763555;554;0.1;554.1;2264
604807.126;6763546.72;554;0.2;554.2;2264
604812.75;6763538.44;554;0.3;554.3;2264
604765.27;6763604.25;555;0.1;555.1;2262
604771.275;6763596.21;555;0.2;555.2;2262
604777.243;6763588.22;555;0.3;555.3;2262
604729.898;6763651.97;556;0.1;556.1;2260
604735.842;6763643.94;556;0.2;556.2;2260
604741.787;6763635.91;556;0.3;556.3;2261
604694.052;6763700.48;557;0.1;557.1;2259
604699.975;6763692.46;557;0.2;557.2;2259
604705.933;6763684.4;557;0.3;557.3;2259
604656.622;6763727.23;558;0.1;558.1;2256
604665.242;6763722.11;558;0.2;558.2;2256
604673.821;6763717.01;558;0.3;558.3;2258
604598.685;6763735.78;559;0.1;559.1;2254
604608.663;6763735.08;559;0.2;559.2;2255
604618.642;6763734.38;559;0.3;559.3;2255
604538.807;6763740.4;560;0.1;560.1;2254
604548.811;6763739.61;560;0.2;560.2;2254
604558.755;6763738.83;560;0.3;560.3;2254
604478.368;6763745.08;561;0.1;561.1;2250
604488.298;6763744.31;561;0.2;561.2;2252
604498.288;6763743.54;561;0.3;561.3;2252
604420.706;6763737.71;562;0.1;562.1;2248
604430.551;6763739.39;562;0.2;562.2;2248
604440.454;6763741.08;562;0.3;562.3;2250
604364.632;6763719.19;563;0.1;563.1;2248
604373.989;6763722.6;563;0.2;563.2;2247
604383.402;6763726.03;563;0.3;563.3;2247
604309.05;6763698.09;564;0.1;564.1;2240
604318.384;6763701.66;564;0.2;564.2;2240
604327.718;6763705.24;564;0.3;564.3;2245
604257.849;6763668.56;565;0.1;565.1;2228
604266.324;6763673.82;565;0.2;565.2;2228
604274.848;6763679.1;565;0.3;565.3;2228
604223.029;6763621.68;566;0.1;566.1;2231
604228.351;6763630.1;566;0.2;566.2;2231
604233.705;6763638.57;566;0.3;566.3;2231
604189.559;6763571.67;567;0.1;567.1;2241
604195.162;6763579.95;567;0.2;567.2;2241
604200.764;6763588.22;567;0.3;567.3;2235
604154.808;6763521.97;568;0.1;568.1;2246
604160.54;6763530.11;568;0.2;568.2;2245
604166.307;6763538.31;568;0.3;568.3;2245
604137.649;6763466.94;569;0.1;569.1;2248
604140.004;6763476.62;569;0.2;569.2;2248
604142.374;6763486.36;569;0.3;569.3;2247
604122.562;6763407.4;570;0.1;570.1;2250
604125.026;6763417.05;570;0.2;570.2;2250
604127.506;6763426.76;570;0.3;570.3;2250
604151.838;6763398.69;571;0.1;571.1;2251
604141.908;6763399.81;571;0.2;571.2;2251
604131.938;6763400.93;571;0.3;571.3;2250
604208.444;6763392.33;572;0.1;572.1;2254
604198.474;6763393.45;572;0.2;572.2;2252
604188.561;6763394.56;572;0.3;572.3;2252
604268.189;6763385.06;573;0.1;573.1;2256
604258.259;6763386.29;573;0.2;573.2;2256
604248.328;6763387.52;573;0.3;573.3;2256
604327.038;6763378.24;574;0.1;574.1;2250
604317.136;6763379.37;574;0.2;574.2;2255
604307.176;6763380.51;574;0.3;574.3;2255
604387.245;6763371.14;575;0.1;575.1;2250
604377.304;6763372.32;575;0.2;575.2;2250
604367.423;6763373.49;575;0.3;575.3;2250
604447.14;6763364.18;576;0.1;576.1;2258
604437.245;6763365.33;576;0.2;576.2;2255
604427.29;6763366.48;576;0.3;576.3;2255
604506.221;6763356.88;577;0.1;577.1;2258
604496.289;6763358.12;577;0.2;577.2;2258
604486.358;6763359.37;577;0.3;577.3;2258
604567.028;6763349.3;578;0.1;578.1;2261
604557.109;6763350.54;578;0.2;578.2;2260
604547.189;6763351.77;578;0.3;578.3;2260
604626.013;6763342.56;579;0.1;579.1;2263
604616.035;6763343.68;579;0.2;579.2;2263
604606.116;6763344.8;579;0.3;579.3;2263
604685.062;6763335.21;580;0.1;580.1;2271
604675.13;6763336.47;580;0.2;580.2;2268
604665.256;6763337.73;580;0.3;580.3;2268
604744.46;6763327.52;581;0.1;581.1;2274
604734.531;6763328.81;581;0.2;581.2;2274
604724.661;6763330.09;581;0.3;581.3;2274
604803.167;6763320.82;582;0.1;582.1;2280
604793.235;6763321.92;582;0.2;582.2;2276
604783.303;6763323.02;582;0.3;582.3;2276
604863.772;6763313.76;583;0.1;583.1;2281
604853.88;6763314.92;583;0.2;583.2;2281
604843.927;6763316.09;583;0.3;583.3;2281
604922.851;6763306.45;584;0.1;584.1;2275
604912.919;6763307.69;584;0.2;584.2;2277
604902.988;6763308.93;584;0.3;584.3;2277
604982.902;6763299.06;585;0.1;585.1;2276
604972.986;6763300.28;585;0.2;585.2;2276
604963.01;6763301.5;585;0.3;585.3;2276
605042.259;6763292.26;586;0.1;586.1;2281
605032.335;6763293.38;586;0.2;586.2;2278
605022.352;6763294.51;586;0.3;586.3;2278
605101.56;6763284.71;587;0.1;587.1;2282
605091.649;6763286;587;0.2;587.2;2282
605081.738;6763287.29;587;0.3;587.3;2282
605118.782;6763238.74;588;0.1;588.1;2290
605117.173;6763248.57;588;0.2;588.2;2286
605115.555;6763258.46;588;0.3;588.3;2286
605081.105;6763195.88;589;0.1;589.1;2293
605088.767;6763202.31;589;0.2;589.2;2290
605096.428;6763208.74;589;0.3;589.3;2290
605037.36;6763154.97;590;0.1;590.1;2296
605044.56;6763161.85;590;0.2;590.2;2292
605051.802;6763168.77;590;0.3;590.3;2292
604994.496;6763113.11;591;0.1;591.1;2295
605001.646;6763120.13;591;0.2;591.2;2296
605008.753;6763127.1;591;0.3;591.3;2296
604950.742;6763070.93;592;0.1;592.1;2297
604957.975;6763077.88;592;0.2;592.2;2297
604965.164;6763084.79;592;0.3;592.3;2295
604907.238;6763029.72;593;0.1;593.1;2306
604914.483;6763036.56;593;0.2;593.2;2306
604921.772;6763043.44;593;0.3;593.3;2297
604864.77;6762988.13;594;0.1;594.1;2315
604871.882;6762995.15;594;0.2;594.2;2315
604879.036;6763002.2;594;0.3;594.3;2309
604821.27;6762946.08;595;0.1;595.1;2315
604828.469;6762953.01;595;0.2;595.2;2315
604835.668;6762959.95;595;0.3;595.3;2315
604777.758;6762904.71;596;0.1;596.1;2312
604785.038;6762911.62;596;0.2;596.2;2312
604792.274;6762918.48;596;0.3;596.3;2312
604734.355;6762862.95;597;0.1;597.1;2304
604741.519;6762869.87;597;0.2;597.2;2304
604748.726;6762876.82;597;0.3;597.3;2304
604692.012;6762821.22;598;0.1;598.1;2297
604699.115;6762828.25;598;0.2;598.2;2297
604706.218;6762835.28;598;0.3;598.3;2297
604648.367;6762779.75;599;0.1;599.1;2299
604655.649;6762786.61;599;0.2;599.2;2299
604662.931;6762793.48;599;0.3;599.3;2299
604606.002;6762737.82;600;0.1;600.1;2306
604613.053;6762744.87;600;0.2;600.2;2306
604620.145;6762751.96;600;0.3;600.3;2306
604562.517;6762695.71;601;0.1;601.1;2314
604569.717;6762702.64;601;0.2;601.2;2314
604576.917;6762709.57;601;0.3;601.3;2314
604519.928;6762654.76;602;0.1;602.1;2309
604527.133;6762661.69;602;0.2;602.2;2314
604534.339;6762668.61;602;0.3;602.3;2314
604490.268;6762661.29;603;0.1;603.1;2309
604498.84;6762656.15;603;0.2;603.2;2309
604507.442;6762651;603;0.3;603.3;2309
604479.792;6762712.77;604;0.1;604.1;2300
604480.202;6762702.79;604;0.2;604.2;2307
604480.614;6762692.76;604;0.3;604.3;2307
604480.076;6762770.6;605;0.1;605.1;2300
604479.931;6762760.64;605;0.2;605.2;2296
604479.786;6762750.61;605;0.3;605.3;2299
604481.857;6762833.08;606;0.1;606.1;2294
604481.545;6762823.08;606;0.2;606.2;2294
604481.233;6762813.07;606;0.3;606.3;2294
604482.947;6762893.29;607;0.1;607.1;2289
604482.792;6762883.28;607;0.2;607.2;2289
604482.637;6762873.28;607;0.3;607.3;2290
604485.601;6762953.27;608;0.1;608.1;2285
604485.1;6762943.25;608;0.2;608.2;2285
604484.602;6762933.29;608;0.3;608.3;2285
604485.702;6763013.4;609;0.1;609.1;2271
604485.781;6763003.41;609;0.2;609.2;2271
604485.86;6762993.41;609;0.3;609.3;2280
604487.452;6763072.87;610;0.1;610.1;2259
604487.082;6763062.87;610;0.2;610.2;2259
604486.712;6763052.87;610;0.3;610.3;2259
604488.816;6763133.42;611;0.1;611.1;2267
604488.619;6763123.42;611;0.2;611.2;2267
604488.422;6763113.42;611;0.3;611.3;2258
604490.259;6763192.78;612;0.1;612.1;2270
604490.006;6763182.74;612;0.2;612.2;2270
604489.754;6763172.76;612;0.3;612.3;2270
604492.515;6763252.56;613;0.1;613.1;2262
604492.113;6763242.56;613;0.2;613.2;2262
604491.711;6763232.56;613;0.3;613.3;2266
604493.639;6763313.1;614;0.1;614.1;2259
604493.496;6763303.1;614;0.2;614.2;2259
604493.353;6763293.1;614;0.3;614.3;2259
604495.841;6763374.95;615;0.1;615.1;2259
604495.443;6763364.93;615;0.2;615.2;2259
604495.047;6763354.97;615;0.3;615.3;2258
604496.037;6763432.64;616;0.1;616.1;2260
604496.079;6763422.64;616;0.2;616.2;2260
604496.121;6763412.65;616;0.3;616.3;2260
604496.534;6763493.42;617;0.1;617.1;2259
604496.427;6763483.38;617;0.2;617.2;2259
604496.321;6763473.41;617;0.3;617.3;2260
604498.473;6763552.52;618;0.1;618.1;2259
604498.1;6763542.52;618;0.2;618.2;2259
604497.729;6763532.57;618;0.3;618.3;2259
604499.837;6763613.17;619;0.1;619.1;2256
604499.643;6763603.21;619;0.2;619.2;2256
604499.447;6763593.19;619;0.3;619.3;2258
604500.979;6763673.83;620;0.1;620.1;2255
604500.793;6763663.88;620;0.2;620.2;2255
604500.606;6763653.86;620;0.3;620.3;2255
604501.91;6763733.53;621;0.1;621.1;2252
604501.76;6763723.5;621;0.2;621.2;2252
604501.61;6763713.53;621;0.3;621.3;2253
604503.61;6763793.3;622;0.1;622.1;2253
604503.299;6763783.3;622;0.2;622.2;2253
604502.987;6763773.31;622;0.3;622.3;2253
604504.749;6763853.07;623;0.1;623.1;2248
604504.583;6763843.08;623;0.2;623.2;2248
604504.417;6763833.08;623;0.3;623.3;2251
604505.915;6763913.51;624;0.1;624.1;2244
604505.716;6763903.47;624;0.2;624.2;2244
604505.519;6763893.49;624;0.3;624.3;2244
604508.868;6763974.01;625;0.1;625.1;2236
604508.323;6763964.02;625;0.2;625.2;2236
604507.778;6763954.02;625;0.3;625.3;2238
604508.458;6764031.47;626;0.1;626.1;2237
604508.66;6764021.46;626;0.2;626.2;2237
604508.86;6764011.5;626;0.3;626.3;2237
604509.472;6764060.84;627;0.1;627.1;2236
604508.847;6764050.88;627;0.2;627.2;2236
604508.257;6764041.48;627;0.3;627.3;2236
604497.981;6764090.65;628;0.1;628.1;2231
604503.189;6764082.13;628;0.2;628.2;2231
604508.415;6764073.59;628;0.3;628.3;2236
604455.068;6764062.38;629;0.1;629.1;2231
604462.246;6764069.39;629;0.2;629.2;2231
604469.38;6764076.36;629;0.3;629.3;2231
604409.412;6764022.64;630;0.1;630.1;2231
604417.033;6764029.12;630;0.2;630.2;2231
604424.655;6764035.61;630;0.3;630.3;2231
604363.769;6763983.25;631;0.1;631.1;2235
604371.301;6763989.77;631;0.2;631.2;2235
604378.878;6763996.33;631;0.3;631.3;2235
604318.423;6763944.53;632;0.1;632.1;2239
604326.013;6763950.99;632;0.2;632.2;2238
604333.649;6763957.5;632;0.3;632.3;2238
604272.724;6763904.9;633;0.1;633.1;2240
604280.3;6763911.5;633;0.2;633.2;2241
604287.831;6763918.05;633;0.3;633.3;2241
604227.105;6763866.13;634;0.1;634.1;2236
604234.75;6763872.6;634;0.2;634.2;2236
604242.35;6763879.03;634;0.3;634.3;2240
604181.883;6763827;635;0.1;635.1;2229
604189.426;6763833.56;635;0.2;635.2;2229
604196.968;6763840.12;635;0.3;635.3;2228
604136.221;6763787.63;636;0.1;636.1;2223
604143.772;6763794.13;636;0.2;636.2;2223
604151.368;6763800.67;636;0.3;636.3;2220
604090.571;6763749.16;637;0.1;637.1;2227
604098.255;6763755.61;637;0.2;637.2;2227
604105.893;6763762.02;637;0.3;637.3;2221
604045.845;6763710.24;638;0.1;638.1;2231
604053.387;6763716.85;638;0.2;638.2;2231
604060.885;6763723.42;638;0.3;638.3;2227
604000.222;6763670.95;639;0.1;639.1;2231
604007.82;6763677.47;639;0.2;639.2;2231
604015.371;6763683.95;639;0.3;639.3;2228
603953.914;6763631.53;640;0.1;640.1;2224
603961.564;6763638.03;640;0.2;640.2;2228
603969.167;6763644.49;640;0.3;640.3;2227
603908.273;6763592.45;641;0.1;641.1;2221
603915.853;6763598.95;641;0.2;641.2;2221
603923.479;6763605.49;641;0.3;641.3;2224
603864.042;6763553.7;642;0.1;642.1;2222
603871.558;6763560.32;642;0.2;642.2;2218
603879.03;6763566.89;642;0.3;642.3;2218
603818.258;6763514.66;643;0.1;643.1;2221
603825.884;6763521.12;643;0.2;643.2;2219
603833.51;6763527.58;643;0.3;643.3;2219
603773.148;6763475.03;644;0.1;644.1;2222
603780.663;6763481.68;644;0.2;644.2;2218
603788.132;6763488.29;644;0.3;644.3;2218
603794.299;6763449.03;645;0.1;645.1;2222
603786.026;6763454.64;645;0.2;645.2;2222
603777.754;6763460.24;645;0.3;645.3;2222
603850.895;6763435.97;646;0.1;646.1;2230
603841.044;6763437.49;646;0.2;646.2;2230
603831.134;6763439.02;646;0.3;646.3;2228
603910.494;6763428.46;647;0.1;647.1;2231
603900.533;6763429.66;647;0.2;647.2;2231
603890.63;6763430.85;647;0.3;647.3;2231
603970.423;6763421.01;648;0.1;648.1;2231
603960.466;6763422.26;648;0.2;648.2;2231
603950.568;6763423.49;648;0.3;648.3;2231
604028.811;6763414.35;649;0.1;649.1;2232
604018.867;6763415.47;649;0.2;649.2;2232
604008.923;6763416.58;649;0.3;649.3;2232
604089.596;6763406.62;650;0.1;650.1;2245
604079.683;6763407.91;650;0.2;650.2;2236
604069.77;6763409.2;650;0.3;650.3;2236
603447.861;6763649.53;660;0.1;660.1;2195
603440.173;6763643.08;660;0.2;660.2;2195
603432.526;6763636.67;660;0.3;660.3;2215
603495.081;6763689.13;661;0.1;661.1;2190
603487.422;6763682.7;661;0.2;661.2;2190
603479.763;6763676.28;661;0.3;661.3;2195
603537.711;6763730;662;0.1;662.1;2191
603530.591;6763722.98;662;0.2;662.2;2191
603523.47;6763715.97;662;0.3;662.3;2193
603582.596;6763769.67;663;0.1;663.1;2194
603575.062;6763763.15;663;0.2;663.2;2194
603567.481;6763756.6;663;0.3;663.3;2195
603626.975;6763809.6;664;0.1;664.1;2198
603619.545;6763802.86;664;0.2;664.2;2198
603612.158;6763796.16;664;0.3;664.3;2199
603671.823;6763850.15;665;0.1;665.1;2200
603664.411;6763843.46;665;0.2;665.2;2200
603656.955;6763836.72;665;0.3;665.3;2202
603717.498;6763891.08;666;0.1;666.1;2199
603710.037;6763884.4;666;0.2;666.2;2199
603702.577;6763877.73;666;0.3;666.3;2201
603761.637;6763930.49;667;0.1;667.1;2199
603754.168;6763923.82;667;0.2;667.2;2198
603746.744;6763917.2;667;0.3;667.3;2201
603806.615;6763970.82;668;0.1;668.1;2198
603799.149;6763964.12;668;0.2;668.2;2195
603791.728;6763957.46;668;0.3;668.3;2199
603850.749;6764010.54;669;0.1;669.1;2204
603843.327;6764003.86;669;0.2;669.2;2204
603835.86;6763997.14;669;0.3;669.3;2198
603895.897;6764051.09;670;0.1;670.1;2208
603888.478;6764044.43;670;0.2;670.2;2208
603881.015;6764037.73;670;0.3;670.3;2208
603939.91;6764090.21;671;0.1;671.1;2212
603932.459;6764083.6;671;0.2;671.2;2212
603924.964;6764076.95;671;0.3;671.3;2212
603984.906;6764130.7;672;0.1;672.1;2211
603977.487;6764124;672;0.2;672.2;2211
603970.067;6764117.31;672;0.3;672.3;2213
604029.33;6764171.1;673;0.1;673.1;2209
604021.911;6764164.35;673;0.2;673.2;2209
604014.537;6764157.63;673;0.3;673.3;2209
604074.087;6764210.94;674;0.1;674.1;2211
604066.628;6764204.33;674;0.2;674.2;2211
604059.125;6764197.69;674;0.3;674.3;2211
604118.157;6764250.83;675;0.1;675.1;2211
604110.765;6764244.11;675;0.2;675.2;2211
604103.372;6764237.39;675;0.3;675.3;2213
604162.787;6764290.99;676;0.1;676.1;2210
604155.322;6764284.29;676;0.2;676.2;2210
604147.901;6764277.63;676;0.3;676.3;2212
604185.061;6764311.71;677;0.1;677.1;2210
604177.8;6764304.84;677;0.2;677.2;2210
604170.54;6764297.97;677;0.3;677.3;2210
603854.387;6763980.3;678;0.1;678.1;2203
603847.139;6763987.14;678;0.2;678.2;2203
603839.852;6763994.02;678;0.3;678.3;2198
603896.968;6763940.09;679;0.1;679.1;2208
603889.722;6763946.93;679;0.2;679.2;2208
603882.433;6763953.81;679;0.3;679.3;2208
603941.25;6763898.06;680;0.1;680.1;2212
603934.028;6763904.92;680;0.2;680.2;2212
603926.763;6763911.82;680;0.3;680.3;2212
603992.267;6763849.6;681;0.1;681.1;2213
603985.018;6763856.49;681;0.2;681.2;2213
603977.768;6763863.37;681;0.3;681.3;2213
604034.801;6763807.88;682;0.1;682.1;2218
604027.71;6763814.88;682;0.2;682.2;2218
604020.577;6763821.92;682;0.3;682.3;2218
604077.99;6763765.52;683;0.1;683.1;2223
604070.814;6763772.55;683;0.2;683.2;2223
604063.68;6763779.54;683;0.3;683.3;2223
604120.455;6763723.56;684;0.1;684.1;2228
604113.321;6763730.62;684;0.2;684.2;2227
604106.229;6763737.64;684;0.3;684.3;2227
604162.472;6763681.68;685;0.1;685.1;2230
604155.369;6763688.77;685;0.2;685.2;2232
604148.308;6763695.82;685;0.3;685.3;2232
604206.186;6763638.97;686;0.1;686.1;2231
604198.996;6763645.97;686;0.2;686.2;2233
604191.849;6763652.92;686;0.3;686.3;2233
604248.488;6763597.09;687;0.1;687.1;2225
604241.423;6763604.11;687;0.2;687.2;2224
604234.316;6763611.17;687;0.3;687.3;2231
604290.662;6763555.18;688;0.1;688.1;2228
604283.573;6763562.22;688;0.2;688.2;2224
604276.484;6763569.27;688;0.3;688.3;2225
604333.582;6763513.04;689;0.1;689.1;2240
604326.442;6763520.03;689;0.2;689.2;2234
604319.302;6763527.03;689;0.3;689.3;2228
604376.704;6763470.35;690;0.1;690.1;2245
604369.629;6763477.37;690;0.2;690.2;2245
604362.51;6763484.43;690;0.3;690.3;2243
604419.293;6763428.42;691;0.1;691.1;2253
604412.131;6763435.46;691;0.2;691.2;2253
604405.012;6763442.46;691;0.3;691.3;2250
604462.026;6763386.22;692;0.1;692.1;2258
604454.886;6763393.28;692;0.2;692.2;2258
604447.789;6763400.29;692;0.3;692.3;2257
604504.823;6763344.02;693;0.1;693.1;2258
604497.709;6763351.03;693;0.2;693.2;2258
604490.552;6763358.09;693;0.3;693.3;2258
604547.827;6763301.74;694;0.1;694.1;2260
604540.718;6763308.72;694;0.2;694.2;2260
604533.566;6763315.75;694;0.3;694.3;2260
604590.085;6763260.28;695;0.1;695.1;2261
604582.937;6763267.29;695;0.2;695.2;2261
604575.831;6763274.26;695;0.3;695.3;2261
604632.224;6763218;696;0.1;696.1;2269
604625.159;6763225.12;696;0.2;696.2;2269
604618.136;6763232.2;696;0.3;696.3;2269
604676.079;6763175.69;697;0.1;697.1;2276
604668.845;6763182.61;697;0.2;697.2;2276
604661.656;6763189.49;697;0.3;697.3;2276
604718.382;6763134.02;698;0.1;698.1;2279
604711.25;6763141.09;698;0.2;698.2;2279
604704.161;6763148.11;698;0.3;698.3;2279
604760.511;6763091.87;699;0.1;699.1;2289
604753.47;6763098.93;699;0.2;699.2;2286
604746.386;6763106.03;699;0.3;699.3;2286
604798.156;6763044.98;700;0.1;700.1;2293
604792.065;6763052.91;700;0.2;700.2;2293
604785.975;6763060.84;700;0.3;700.3;2293
604834.239;6762996.01;701;0.1;701.1;2311
604828.312;6763004.12;701;0.2;701.2;2306
604822.421;6763012.18;701;0.3;701.3;2306
604868.966;6762948.25;702;0.1;702.1;2318
604863.095;6762956.34;702;0.2;702.2;2318
604857.224;6762964.42;702;0.3;702.3;2315
604904.17;6762899.41;703;0.1;703.1;2322
604898.325;6762907.53;703;0.2;703.2;2322
604892.479;6762915.65;703;0.3;703.3;2322
604939.925;6762850.81;704;0.1;704.1;2332
604934.001;6762858.83;704;0.2;704.2;2332
604928.04;6762866.89;704;0.3;704.3;2332
604975.217;6762802.32;705;0.1;705.1;2338
604969.365;6762810.38;705;0.2;705.2;2338
604963.478;6762818.5;705;0.3;705.3;2338
605010.125;6762754.5;706;0.1;706.1;2338
605004.216;6762762.58;706;0.2;706.2;2337
604998.342;6762770.62;706;0.3;706.3;2341
605045.907;6762705.01;707;0.1;707.1;2345
605040.075;6762713.1;707;0.2;707.2;2345
605034.208;6762721.23;707;0.3;707.3;2338
605081.192;6762656.4;708;0.1;708.1;2352
605075.294;6762664.52;708;0.2;708.2;2350
605069.432;6762672.58;708;0.3;708.3;2350
605116.123;6762608.21;709;0.1;709.1;2356
605110.281;6762616.28;709;0.2;709.2;2356
605104.405;6762624.39;709;0.3;709.3;2356
605151.466;6762559.86;710;0.1;710.1;2357
605145.551;6762567.94;710;0.2;710.2;2354
605139.672;6762575.97;710;0.3;710.3;2354
605187.073;6762510.8;711;0.1;711.1;2356
605181.198;6762518.91;711;0.2;711.2;2356
605175.359;6762526.97;711;0.3;711.3;2356
605221.926;6762463.42;712;0.1;712.1;2356
605215.984;6762471.47;712;0.2;712.2;2356
605210.041;6762479.52;712;0.3;712.3;2356
605257.651;6762414.47;713;0.1;713.1;2362
605251.759;6762422.56;713;0.2;713.2;2362
605245.867;6762430.65;713;0.3;713.3;2362
603823.271;6764008.9;714;0.1;714.1;2200
603830.438;6764001.93;714;0.2;714.2;2200
603837.606;6763994.95;714;0.3;714.3;2198
603780.376;6764050.66;715;0.1;715.1;2194
603787.548;6764043.68;715;0.2;715.2;2194
603794.719;6764036.7;715;0.3;715.3;2195
603736.847;6764092.77;716;0.1;716.1;2187
603744.04;6764085.82;716;0.2;716.2;2187
603751.233;6764078.87;716;0.3;716.3;2187
603692.974;6764133.26;717;0.1;717.1;2184
603700.381;6764126.49;717;0.2;717.2;2184
603707.743;6764119.76;717;0.3;717.3;2183
603651.801;6764174.98;718;0.1;718.1;2185
603658.775;6764167.77;718;0.2;718.2;2185
603665.709;6764160.59;718;0.3;718.3;2185
603606.39;6764215.68;719;0.1;719.1;2182
603613.901;6764209.14;719;0.2;719.2;2182
603621.458;6764202.55;719;0.3;719.3;2182
603561.974;6764257.61;720;0.1;720.1;2172
603569.169;6764250.71;720;0.2;720.2;2172
603576.408;6764243.77;720;0.3;720.3;2172
603518.849;6764298.74;721;0.1;721.1;2169
603526.06;6764291.87;721;0.2;721.2;2168
603533.315;6764284.96;721;0.3;721.3;2168
603475.399;6764339.67;722;0.1;722.1;2167
603482.708;6764332.8;722;0.2;722.2;2167
603489.973;6764325.97;722;0.3;722.3;2167
603431.332;6764381.57;723;0.1;723.1;2165
603438.604;6764374.64;723;0.2;723.2;2165
603445.833;6764367.75;723;0.3;723.3;2164
603388.903;6764422.11;724;0.1;724.1;2163
603396.122;6764415.21;724;0.2;724.2;2163
603403.383;6764408.26;724;0.3;724.3;2163
603347.142;6764465.45;725;0.1;725.1;2156
603354.026;6764458.19;725;0.2;725.2;2156
603360.909;6764450.93;725;0.3;725.3;2159
603308.517;6764512.68;726;0.1;726.1;2148
603314.713;6764504.88;726;0.2;726.2;2148
603320.948;6764497.03;726;0.3;726.3;2151
603271.828;6764561.05;727;0.1;727.1;2143
603277.817;6764553.08;727;0.2;727.2;2144
603283.842;6764545.07;727;0.3;727.3;2146
603235.114;6764606.41;728;0.1;728.1;2139
603241.489;6764598.65;728;0.2;728.2;2143
603247.827;6764590.94;728;0.3;728.3;2143
603197.939;6764653.55;729;0.1;729.1;2133
603204.121;6764645.65;729;0.2;729.2;2137
603210.266;6764637.79;729;0.3;729.3;2139
603161.263;6764701.13;730;0.1;730.1;2131
603167.384;6764693.17;730;0.2;730.2;2131
603173.468;6764685.25;730;0.3;730.3;2131
603124.117;6764748.15;731;0.1;731.1;2126
603130.315;6764740.35;731;0.2;731.2;2126
603136.549;6764732.5;731;0.3;731.3;2126
603087.091;6764795.52;732;0.1;732.1;2122
603093.264;6764787.6;732;0.2;732.2;2122
603099.4;6764779.72;732;0.3;732.3;2122
603050.211;6764841.86;733;0.1;733.1;2112
603056.434;6764834.07;733;0.2;733.2;2115
603062.694;6764826.24;733;0.3;733.3;2115
603012.219;6764889.56;734;0.1;734.1;2108
603018.452;6764881.73;734;0.2;734.2;2108
603024.684;6764873.9;734;0.3;734.3;2111
602976.264;6764935.93;735;0.1;735.1;2102
602982.395;6764927.98;735;0.2;735.2;2102
602988.49;6764920.08;735;0.3;735.3;2102
602936.873;6764983.8;736;0.1;736.1;2097
602943.27;6764976.12;736;0.2;736.2;2097
602949.667;6764968.44;736;0.3;736.3;2097
602901.768;6765029.96;737;0.1;737.1;2091
602907.774;6765021.91;737;0.2;737.2;2091
602913.744;6765013.91;737;0.3;737.3;2091
602864.377;6765078.36;738;0.1;738.1;2084
602870.541;6765070.43;738;0.2;738.2;2084
602876.667;6765062.56;738;0.3;738.3;2084
602827.103;6765126.17;739;0.1;739.1;2077
602833.228;6765118.32;739;0.2;739.2;2079
602839.391;6765110.42;739;0.3;739.3;2079
602789.753;6765173.08;740;0.1;740.1;2071
602795.976;6765165.3;740;0.2;740.2;2071
602802.236;6765157.47;740;0.3;740.3;2077
602753.244;6765219.57;741;0.1;741.1;2067
602759.403;6765211.7;741;0.2;741.2;2067
602765.562;6765203.83;741;0.3;741.3;2069
602716.298;6765267.06;742;0.1;742.1;2061
602722.433;6765259.17;742;0.2;742.2;2064
602728.568;6765251.27;742;0.3;742.3;2064
602679.071;6765313.88;743;0.1;743.1;2054
602685.312;6765306.07;743;0.2;743.2;2057
602691.552;6765298.25;743;0.3;743.3;2057
603379.921;6763892.67;745;0.1;745.1;2172
603372.674;6763885.73;745;0.2;745.2;2172
603365.466;6763878.83;745;0.3;745.3;2176
603422.864;6763933.81;746;0.1;746.1;2177
603415.64;6763926.89;746;0.2;746.2;2177
603408.415;6763919.97;746;0.3;746.3;2175
603466.828;6763974.56;747;0.1;747.1;2184
603459.498;6763967.81;747;0.2;747.2;2184
603452.124;6763961.02;747;0.3;747.3;2184
603510.881;6764015.69;748;0.1;748.1;2191
603503.572;6764008.85;748;0.2;748.2;2191
603496.306;6764002.05;748;0.3;748.3;2191
603554.236;6764056.91;749;0.1;749.1;2191
603547.001;6764050.01;749;0.2;749.2;2191
603539.766;6764043.11;749;0.3;749.3;2191
603597.78;6764098.42;750;0.1;750.1;2184
603590.545;6764091.52;750;0.2;750.2;2184
603583.309;6764084.63;750;0.3;750.3;2184
603642.206;6764139.03;751;0.1;751.1;2183
603634.795;6764132.31;751;0.2;751.2;2182
603627.383;6764125.59;751;0.3;751.3;2182
603685.127;6764179.84;752;0.1;752.1;2186
603677.939;6764172.94;752;0.2;752.2;2185
603670.709;6764165.99;752;0.3;752.3;2185
603729.294;6764221.45;753;0.1;753.1;2189
603722.031;6764214.63;753;0.2;753.2;2189
603714.723;6764207.77;753;0.3;753.3;2186
603773.424;6764262.06;754;0.1;754.1;2189
603766.078;6764255.33;754;0.2;754.2;2189
603758.687;6764248.55;754;0.3;754.3;2188
603817.076;6764303.44;755;0.1;755.1;2190
603809.85;6764296.55;755;0.2;755.2;2190
603802.58;6764289.61;755;0.3;755.3;2190
603860.746;6764344.68;756;0.1;756.1;2192
603853.44;6764337.8;756;0.2;756.2;2192
603846.177;6764330.95;756;0.3;756.3;2192
603904.108;6764385.4;757;0.1;757.1;2191
603896.81;6764378.55;757;0.2;757.2;2191
603889.512;6764371.7;757;0.3;757.3;2191
603947.664;6764426.86;758;0.1;758.1;2188
603940.438;6764419.96;758;0.2;758.2;2188
603933.169;6764413.02;758;0.3;758.3;2188
603991.488;6764467.4;759;0.1;759.1;2185
603984.097;6764460.61;759;0.2;759.2;2185
603976.751;6764453.86;759;0.3;759.3;2185
604013.478;6764488.35;760;0.1;760.1;2180
604006.309;6764481.4;760;0.2;760.2;2180
603999.118;6764474.43;760;0.3;760.3;2185
603991.813;6764531.38;761;0.1;761.1;2176
603998.07;6764523.56;761;0.2;761.2;2176
604004.291;6764515.78;761;0.3;761.3;2180
603956.302;6764557.7;762;0.1;762.1;2175
603964.757;6764552.35;762;0.2;762.2;2176
603973.213;6764547;762;0.3;762.3;2176
603898.418;6764568.84;763;0.1;763.1;2169
603908.339;6764567.68;763;0.2;763.2;2169
603918.32;6764566.51;763;0.3;763.3;2169
603839.03;6764575.6;764;0.1;764.1;2170
603848.959;6764574.48;764;0.2;764.2;2170
603858.888;6764573.35;764;0.3;764.3;2170
603778.931;6764582.23;765;0.1;765.1;2169
603788.857;6764581.14;765;0.2;765.2;2169
603798.842;6764580.05;765;0.3;765.3;2169
603718.338;6764588.27;766;0.1;766.1;2164
603728.289;6764587.3;766;0.2;766.2;2166
603738.241;6764586.33;766;0.3;766.3;2166
603659.541;6764594.66;767;0.1;767.1;2165
603669.486;6764593.56;767;0.2;767.2;2165
603679.432;6764592.45;767;0.3;767.3;2165
603599.91;6764601.09;768;0.1;768.1;2154
603609.823;6764600.02;768;0.2;768.2;2159
603619.796;6764598.96;768;0.3;768.3;2161
603539.803;6764608.04;769;0.1;769.1;2149
603549.722;6764606.88;769;0.2;769.2;2149
603559.701;6764605.71;769;0.3;769.3;2149
603479.529;6764614.89;770;0.1;770.1;2144
603489.431;6764613.78;770;0.2;770.2;2146
603499.393;6764612.65;770;0.3;770.3;2146
603421.425;6764621.36;771;0.1;771.1;2143
603431.367;6764620.25;771;0.2;771.2;2143
603441.309;6764619.15;771;0.3;771.3;2144
603360.507;6764628.25;772;0.1;772.1;2143
603370.446;6764627.12;772;0.2;772.2;2143
603380.385;6764625.99;772;0.3;772.3;2143
603301.701;6764635.45;773;0.1;773.1;2143
603311.592;6764634.22;773;0.2;773.2;2143
603321.542;6764632.98;773;0.3;773.3;2143
603241.557;6764641.55;774;0.1;774.1;2139
603251.548;6764640.58;774;0.2;774.2;2139
603261.478;6764639.62;774;0.3;774.3;2141
603182.362;6764647.93;775;0.1;775.1;2133
603192.263;6764646.84;775;0.2;775.2;2133
603202.222;6764645.75;775;0.3;775.3;2137
603122.692;6764653.9;776;0.1;776.1;2130
603132.61;6764652.93;776;0.2;776.2;2130
603142.588;6764651.95;776;0.3;776.3;2130
603063.289;6764660.67;777;0.1;777.1;2125
603073.209;6764659.51;777;0.2;777.2;2125
603083.189;6764658.34;777;0.3;777.3;2128
603004.282;6764667.27;778;0.1;778.1;2121
603014.265;6764666.16;778;0.2;778.2;2121
603024.188;6764665.07;778;0.3;778.3;2121
602944.074;6764673.23;779;0.1;779.1;2114
602954.023;6764672.27;779;0.2;779.2;2114
602963.971;6764671.31;779;0.3;779.3;2118
602885.057;6764680.74;780;0.1;780.1;2107
602894.977;6764679.41;780;0.2;780.2;2107
602904.897;6764678.09;780;0.3;780.3;2107
602855.303;6764684.08;781;0.1;781.1;2099
602865.235;6764683.07;781;0.2;781.2;2099
602875.137;6764682.06;781;0.3;781.3;2099
602811.407;6764728.66;782;0.1;782.1;2093
602817.544;6764720.78;782;0.2;782.2;2093
602823.721;6764712.85;782;0.3;782.3;2090
602779.518;6764785.96;783;0.1;783.1;2086
602784.139;6764777.09;783;0.2;783.2;2086
602788.76;6764768.22;783;0.3;783.3;2086
602772.916;6764813.34;784;0.1;784.1;2087
602773.982;6764803.37;784;0.2;784.2;2087
602774.896;6764794.83;784;0.3;784.3;2086
602810.264;6764853.43;785;0.1;785.1;2093
602802.387;6764847.24;785;0.2;785.2;2093
602794.557;6764841.1;785;0.3;785.3;2088
602857.112;6764891.04;786;0.1;786.1;2096
602849.299;6764884.74;786;0.2;786.2;2096
602841.533;6764878.48;786;0.3;786.3;2098
602904.055;6764929.43;787;0.1;787.1;2095
602896.351;6764923.11;787;0.2;787.2;2095
602888.6;6764916.76;787;0.3;787.3;2098
602950.127;6764967.71;788;0.1;788.1;2097
602942.435;6764961.3;788;0.2;788.2;2097
602934.789;6764954.93;788;0.3;788.3;2098
602996.32;6765005.96;789;0.1;789.1;2098
602988.639;6764999.61;789;0.2;789.2;2101
602980.911;6764993.22;789;0.3;789.3;2101
603042.215;6765043.09;790;0.1;790.1;2097
603034.397;6765036.79;790;0.2;790.2;2100
603026.626;6765030.54;790;0.3;790.3;2100
603088.444;6765081.19;791;0.1;791.1;2095
603080.771;6765074.84;791;0.2;791.2;2099
603073.051;6765068.44;791;0.3;791.3;2097
603134.877;6765119.97;792;0.1;792.1;2097
603127.218;6765113.56;792;0.2;792.2;2097
603119.512;6765107.12;792;0.3;792.3;2095
603190.286;6765090.95;793;0.1;793.1;2100
603182.244;6765096.92;793;0.2;793.2;2100
603174.258;6765102.85;793;0.3;793.3;2100
603254.471;6764979.96;794;0.1;794.1;2113
603249.721;6764988.85;794;0.2;794.2;2113
603245.033;6764997.62;794;0.3;794.3;2113
603261.672;6764920.75;795;0.1;795.1;2114
603261.175;6764930.73;795;0.2;795.2;2114
603260.678;6764940.71;795;0.3;795.3;2114
603265.989;6764860.26;796;0.1;796.1;2118
603265.238;6764870.19;796;0.2;796.2;2118
603264.482;6764880.18;796;0.3;796.3;2116
603270.49;6764800.72;797;0.1;797.1;2122
603269.734;6764810.73;797;0.2;797.2;2122
603268.982;6764820.67;797;0.3;797.3;2122
603274.848;6764741.23;798;0.1;798.1;2131
603274.12;6764751.23;798;0.2;798.2;2131
603273.396;6764761.18;798;0.3;798.3;2126
603279.148;6764680.09;799;0.1;799.1;2136
603278.451;6764690.07;799;0.2;799.2;2136
603277.754;6764700.05;799;0.3;799.3;2136
603284.284;6764621.16;800;0.1;800.1;2143
603283.381;6764631.13;800;0.2;800.2;2143
603282.477;6764641.09;800;0.3;800.3;2140
603289.396;6764561.32;801;0.1;801.1;2145
603288.552;6764571.32;801;0.2;801.2;2145
603287.714;6764581.26;801;0.3;801.3;2145
603294.419;6764502.09;802;0.1;802.1;2148
603293.573;6764512.06;802;0.2;802.2;2148
603292.727;6764522.02;802;0.3;802.3;2146
603298.621;6764442.05;803;0.1;803.1;2153
603297.952;6764452.03;803;0.2;803.2;2153
603297.283;6764462.01;803;0.3;803.3;2153
603303.779;6764381.87;804;0.1;804.1;2162
603302.885;6764391.86;804;0.2;804.2;2162
603301.997;6764401.79;804;0.3;804.3;2158
603308.316;6764322.54;805;0.1;805.1;2165
603307.578;6764332.52;805;0.2;805.2;2165
603306.845;6764342.45;805;0.3;805.3;2165
603312.816;6764262.38;806;0.1;806.1;2168
603312.071;6764272.32;806;0.2;806.2;2168
603311.321;6764282.32;806;0.3;806.3;2167
603318.488;6764202.69;807;0.1;807.1;2169
603317.506;6764212.6;807;0.2;807.2;2169
603316.518;6764222.58;807;0.3;807.3;2169
603322.905;6764143.16;808;0.1;808.1;2175
603322.212;6764153.16;808;0.2;808.2;2175
603321.524;6764163.11;808;0.3;808.3;2174
603327.414;6764082.71;809;0.1;809.1;2174
603326.663;6764092.64;809;0.2;809.2;2174
603325.907;6764102.63;809;0.3;809.3;2174
603330.687;6764023.53;810;0.1;810.1;2167
603330.178;6764033.49;810;0.2;810.2;2167
603329.665;6764043.5;810;0.3;810.3;2169
603336.596;6763964.36;811;0.1;811.1;2165
603335.505;6763974.29;811;0.2;811.2;2165
603334.414;6763984.23;811;0.3;811.3;2165
603321.692;6764281.78;812;0.1;812.1;2168
603311.722;6764280.78;812;0.2;812.2;2167
603301.792;6764279.78;812;0.3;812.3;2168
603380.77;6764287.74;813;0.1;813.1;2168
603370.833;6764286.74;813;0.2;813.2;2168
603360.838;6764285.73;813;0.3;813.3;2168
603438.565;6764302.86;814;0.1;814.1;2169
603429.016;6764300.04;814;0.2;814.2;2169
603419.409;6764297.21;814;0.3;814.3;2169
603491.443;6764330.15;815;0.1;815.1;2167
603482.706;6764325.21;815;0.2;815.2;2167
603474.02;6764320.3;815;0.3;815.3;2167
603542.751;6764359.95;816;0.1;816.1;2168
603534.083;6764354.89;816;0.2;816.2;2168
603525.466;6764349.86;816;0.3;816.3;2168
603578.372;6764407.4;817;0.1;817.1;2166
603573.023;6764399;817;0.2;817.2;2168
603567.641;6764390.55;817;0.3;817.3;2168
603610.874;6764457.77;818;0.1;818.1;2165
603605.463;6764449.4;818;0.2;818.2;2165
603600.019;6764440.99;818;0.3;818.3;2165
603630.735;6764511.75;819;0.1;819.1;2163
603627.715;6764502.21;819;0.2;819.2;2163
603624.713;6764492.72;819;0.3;819.3;2163
603633.476;6764570.8;820;0.1;820.1;2161
603633.532;6764560.79;820;0.2;820.2;2161
603633.588;6764550.78;820;0.3;820.3;2162
603630.511;6764630.81;821;0.1;821.1;2159
603631.094;6764620.78;821;0.2;821.2;2159
603631.673;6764610.82;821;0.3;821.3;2159
603602.403;6764682.2;822;0.1;822.1;2152
603607.961;6764673.83;822;0.2;822.2;2156
603613.487;6764665.52;822;0.3;822.3;2156
603570.133;6764732.28;823;0.1;823.1;2148
603575.508;6764723.89;823;0.2;823.2;2148
603580.914;6764715.44;823;0.3;823.3;2151
603533.494;6764778.8;824;0.1;824.1;2143
603539.816;6764771.09;824;0.2;824.2;2143
603546.175;6764763.34;824;0.3;824.3;2143
603485.535;6764814.42;825;0.1;825.1;2138
603493.875;6764808.83;825;0.2;825.2;2138
603502.165;6764803.28;825;0.3;825.3;2138
603435.381;6764846.28;826;0.1;826.1;2128
603443.845;6764840.96;826;0.2;826.2;2131
603452.308;6764835.64;826;0.3;826.3;2135
603384.659;6764878.89;827;0.1;827.1;2125
603393.03;6764873.49;827;0.2;827.2;2125
603401.451;6764868.05;827;0.3;827.3;2128
603334.749;6764911.71;828;0.1;828.1;2122
603343.126;6764906.18;828;0.2;828.2;2122
603351.454;6764900.69;828;0.3;828.3;2122
603283.517;6764943.46;829;0.1;829.1;2117
603292.016;6764938.26;829;0.2;829.2;2117
603300.565;6764933.03;829;0.3;829.3;2117
603225.853;6764942.9;830;0.1;830.1;2112
603235.782;6764944.07;830;0.2;830.2;2112
603245.712;6764945.24;830;0.3;830.3;2114
603164.735;6764935.85;831;0.1;831.1;2111
603174.703;6764937;831;0.2;831.2;2111
603184.611;6764938.14;831;0.3;831.3;2111
603110.085;6764922.41;832;0.1;832.1;2110
603119.72;6764925.06;832;0.2;832.2;2110
603129.354;6764927.71;832;0.3;832.3;2111
603066.004;6764883.44;833;0.1;833.1;2111
603072.91;6764890.72;833;0.2;833.2;2111
603079.774;6764897.96;833;0.3;833.3;2111
603023.952;6764840.42;834;0.1;834.1;2111
603030.964;6764847.55;834;0.2;834.2;2111
603037.976;6764854.68;834;0.3;834.3;2111
602985.35;6764795.71;835;0.1;835.1;2114
602991.782;6764803.36;835;0.2;835.2;2112
602998.214;6764811.01;835;0.3;835.3;2112
602959.57;6764742.11;836;0.1;836.1;2112
602963.453;6764751.33;836;0.2;836.2;2116
602967.337;6764760.55;836;0.3;836.3;2114
602934.833;6764687.63;837;0.1;837.1;2112
602939.019;6764696.71;837;0.2;837.2;2112
602943.205;6764705.8;837;0.3;837.3;2112
602912.984;6764633.51;838;0.1;838.1;2109
602916.632;6764642.81;838;0.2;838.2;2107
602920.302;6764652.17;838;0.3;838.3;2114
602928.394;6764576.98;839;0.1;839.1;2115
602924.651;6764586.26;839;0.2;839.2;2115
602920.908;6764595.54;839;0.3;839.3;2115
602950.677;6764522.22;840;0.1;840.1;2110
602946.902;6764531.49;840;0.2;840.2;2110
602943.127;6764540.75;840;0.3;840.3;2110
602973.092;6764466.3;841;0.1;841.1;2113
602969.378;6764475.6;841;0.2;841.2;2113
602965.685;6764484.84;841;0.3;841.3;2114
603006.617;6764418.56;842;0.1;842.1;2121
603000.468;6764426.49;842;0.2;842.2;2121
602994.355;6764434.38;842;0.3;842.3;2114
603048.45;6764373.53;843;0.1;843.1;2130
603041.494;6764380.77;843;0.2;843.2;2130
603034.58;6764387.96;843;0.3;843.3;2122
603094.852;6764339.39;844;0.1;844.1;2137
603086.582;6764345.03;844;0.2;844.2;2137
603078.359;6764350.65;844;0.3;844.3;2130
603149.565;6764314.74;845;0.1;845.1;2144
603140.31;6764318.53;845;0.2;845.2;2144
603131.055;6764322.31;845;0.3;845.3;2144
603204.554;6764291.22;846;0.1;846.1;2160
603195.374;6764295.18;846;0.2;846.2;2152
603186.194;6764299.14;846;0.3;846.3;2152
603262.502;6764278.94;847;0.1;847.1;2166
603252.643;6764280.62;847;0.2;847.2;2165
603242.783;6764282.31;847;0.3;847.3;2165
